run_id,mode,start_time_iso,ephemeral_keygen_ms,epoch_fetch_ms,randomness_ms,nonce_compute_ms,oidc_login_ms,jwt_decode_ms,salt_total_ms,salt_slowest_inst_ms,address_compute_ms,prover_request_ms,tx_build_ms,zklogin_sig_assemble_ms,tx_submit_ms,object_extract_ms,local_store_ms,grant_total_ms,request_construct_ms,access_grant_query_ms,grant_object_parse_ms,patient_did_resolve_ms,hospital_b_did_resolve_ms,hospital_a_did_check_ms,status_check_ms,scope_check_ms,expiration_check_ms,access_session_create_ms,access_total_ms,total_ms,zklogin_address,patient_did,hospital_b_did,sui_tx_digest,access_grant_object_id,success,error_message
1,zkehr-cross-access-no-session,2026-05-02T04:16:00.251Z,0.388,5.737,0.023,0.687,226.073,1.048,9.166,8.096,7.555,3143.789,86.476,0.000,234.502,0.016,0.841,3718.164,0.014,231.460,0.001,0.013,6.952,0.001,0.002,0.005,0.002,0.020,239.330,3957.496,0xef1871e50561d0b217f79d80b90f43f0d3bfeb41e56831fff1e2e3290f5861d2,did:zkehr:zklogin:0xef1871e50561d0b217f79d80b90f43f0d3bfeb41e56831fff1e2e3290f5861d2,did:zkehr:hospital:hospital_B,4iX44sqZijXAa4DrASs3QTPGG1GWTRhvxYruK5yyjNs9,0x2f3f19e71bce97bf50648a5e206d59d039bafb0b67e7e58b2b0d604edb763976,true,
2,zkehr-cross-access-no-session,2026-05-02T04:16:04.208Z,0.405,7.563,0.024,0.620,199.830,0.236,5.915,5.234,5.464,2437.961,94.006,0.000,217.046,0.003,0.968,2971.850,0.015,173.930,0.006,0.015,6.580,0.003,0.003,0.007,0.002,0.018,181.554,3153.410,0xef1871e50561d0b217f79d80b90f43f0d3bfeb41e56831fff1e2e3290f5861d2,did:zkehr:zklogin:0xef1871e50561d0b217f79d80b90f43f0d3bfeb41e56831fff1e2e3290f5861d2,did:zkehr:hospital:hospital_B,B34RXt9etzuPrGTY6fJACBehJaDNoh61a3CSHzjkyo3Q,0xdb64a48e4dc1c2784505c8ae5abd63e48136ca36f0ae0ee3a27db1e6662dac77,true,
3,zkehr-cross-access-no-session,2026-05-02T04:16:07.362Z,0.399,6.164,0.024,0.562,177.767,0.326,6.877,6.164,6.691,3139.343,87.645,0.000,150.587,0.009,0.823,3579.133,0.029,174.457,0.000,0.049,13.062,0.001,0.002,0.032,0.002,0.016,188.433,3767.567,0xef1871e50561d0b217f79d80b90f43f0d3bfeb41e56831fff1e2e3290f5861d2,did:zkehr:zklogin:0xef1871e50561d0b217f79d80b90f43f0d3bfeb41e56831fff1e2e3290f5861d2,did:zkehr:hospital:hospital_B,HUWUkUJ73EwwWkqTtvb3HLWS1ucPGAuT7tEA3SiZoCsB,0xc219e5a3e8cf8d2dd9add721521dee0abef1b28daaac114583e68d9dd897733e,true,
4,zkehr-cross-access-no-session,2026-05-02T04:16:11.129Z,0.406,5.972,0.023,0.533,173.956,0.466,5.629,4.714,6.987,2454.617,95.149,0.000,213.150,0.002,0.807,2959.416,0.005,189.866,0.000,0.058,7.022,0.001,0.002,0.030,0.002,0.015,197.657,3157.075,0xef1871e50561d0b217f79d80b90f43f0d3bfeb41e56831fff1e2e3290f5861d2,did:zkehr:zklogin:0xef1871e50561d0b217f79d80b90f43f0d3bfeb41e56831fff1e2e3290f5861d2,did:zkehr:hospital:hospital_B,6q2AaxMjn3ZKue9yZUzZkN25JxU8Y8TmrNMzDvWFEiTd,0x54bde2e230d367ab9d5c4da2a02b1c3736da99ac47197b003def42a86854c471,true,
5,zkehr-cross-access-no-session,2026-05-02T04:16:14.287Z,0.365,5.520,0.024,0.553,243.709,0.295,8.099,7.275,7.030,2383.011,90.972,0.000,196.106,0.003,0.936,2938.634,0.007,174.164,0.001,0.020,7.077,0.001,0.003,0.007,0.003,0.016,182.322,3120.958,0xef1871e50561d0b217f79d80b90f43f0d3bfeb41e56831fff1e2e3290f5861d2,did:zkehr:zklogin:0xef1871e50561d0b217f79d80b90f43f0d3bfeb41e56831fff1e2e3290f5861d2,did:zkehr:hospital:hospital_B,61oNdgLDomtobzRGGuLp4an2pcma3LZsocKWa3wE9FSs,0x9311f7304740e3aacb7b308ffda844050b41379be2822bd20052472ef87ed3fa,true,
6,zkehr-cross-access-no-session,2026-05-02T04:16:17.408Z,0.522,5.845,0.027,0.551,211.127,0.206,5.584,5.132,5.902,3239.846,99.886,0.000,225.551,0.003,1.088,3798.337,0.007,342.922,0.000,0.012,6.762,0.001,0.002,0.005,0.002,0.014,350.710,4149.050,0xef1871e50561d0b217f79d80b90f43f0d3bfeb41e56831fff1e2e3290f5861d2,did:zkehr:zklogin:0xef1871e50561d0b217f79d80b90f43f0d3bfeb41e56831fff1e2e3290f5861d2,did:zkehr:hospital:hospital_B,9t3e5M8XXM7s78BZCnSPW61pGHvg9YJaPJ5ETeevWDP7,0xdfc9b832f31a9284a268fd795d0cc29aa71e4abe373a40d14d5b0320cf6821da,true,
7,zkehr-cross-access-no-session,2026-05-02T04:16:21.557Z,0.369,5.635,0.024,0.532,165.370,0.200,5.788,5.323,6.455,2381.579,95.756,0.000,233.501,0.003,0.906,2897.823,0.007,234.468,0.000,0.012,6.023,0.001,0.003,0.009,0.002,0.011,241.430,3139.255,0xef1871e50561d0b217f79d80b90f43f0d3bfeb41e56831fff1e2e3290f5861d2,did:zkehr:zklogin:0xef1871e50561d0b217f79d80b90f43f0d3bfeb41e56831fff1e2e3290f5861d2,did:zkehr:hospital:hospital_B,7ZhVbqEGDp76Ua6DTwPECWmkSQVkTf9cbiwfvQbt3RtC,0x0ef445636ae6cd9211de635d85a2b957bfeb3dcfabfa3552fb33aade8fcdd4a0,true,
8,zkehr-cross-access-no-session,2026-05-02T04:16:24.696Z,0.367,5.927,0.024,0.559,196.918,0.202,5.328,4.414,5.992,2418.965,96.049,0.000,216.209,0.003,0.995,2949.243,0.007,272.077,0.001,0.012,6.744,0.001,0.003,0.012,0.065,0.012,279.855,3229.100,0xef1871e50561d0b217f79d80b90f43f0d3bfeb41e56831fff1e2e3290f5861d2,did:zkehr:zklogin:0xef1871e50561d0b217f79d80b90f43f0d3bfeb41e56831fff1e2e3290f5861d2,did:zkehr:hospital:hospital_B,97e3HtdpAKuCMgZmEPJPTUS2CKfXGaASQjxNGYn3QL6H,0xca216bceb58e378d425e3fed57917ac3bf3781d2c98eec4d7959b7bf7f791701,true,
9,zkehr-cross-access-no-session,2026-05-02T04:16:27.925Z,0.405,27.396,0.024,0.559,196.178,0.197,6.085,5.349,6.274,2517.568,91.728,0.000,165.590,0.003,0.948,3014.663,0.005,231.034,0.000,0.080,7.267,0.002,0.005,0.007,0.011,0.020,239.298,3253.962,0xef1871e50561d0b217f79d80b90f43f0d3bfeb41e56831fff1e2e3290f5861d2,did:zkehr:zklogin:0xef1871e50561d0b217f79d80b90f43f0d3bfeb41e56831fff1e2e3290f5861d2,did:zkehr:hospital:hospital_B,89z5MYboL5Kc9LxyGAum6q3wuGxpyLLk7W9FVTvvpKzc,0x42fae96d59077f83ff970c89434947c38f5ecdadd3c0db86f9ec4f63c2ea57cf,true,
10,zkehr-cross-access-no-session,2026-05-02T04:16:31.179Z,0.389,6.606,0.024,0.556,167.952,0.201,5.313,5.247,5.986,2453.903,88.934,0.000,215.037,0.003,1.063,2947.775,0.006,228.877,0.000,0.018,7.474,0.002,0.004,0.004,0.001,0.014,237.259,3185.036,0xef1871e50561d0b217f79d80b90f43f0d3bfeb41e56831fff1e2e3290f5861d2,did:zkehr:zklogin:0xef1871e50561d0b217f79d80b90f43f0d3bfeb41e56831fff1e2e3290f5861d2,did:zkehr:hospital:hospital_B,EFUuHPfJN7ND3Tjapzv6MCMBv21HRs4YYjjw1evMvgVv,0x946c4c7f3697ac487b65ef0f8edfeddb38fcc39455786c8da7a5440f5454c03f,true,
11,zkehr-cross-access-no-session,2026-05-02T04:16:34.364Z,0.411,5.474,0.027,0.580,187.137,0.219,6.764,6.341,6.309,3157.590,85.889,0.000,174.801,0.002,0.909,3628.473,0.006,118.065,0.000,0.008,6.360,0.003,0.008,0.004,0.001,0.013,125.322,3753.796,0xef1871e50561d0b217f79d80b90f43f0d3bfeb41e56831fff1e2e3290f5861d2,did:zkehr:zklogin:0xef1871e50561d0b217f79d80b90f43f0d3bfeb41e56831fff1e2e3290f5861d2,did:zkehr:hospital:hospital_B,14B5UtnpgnncQJHevvD9Lg1VLtKPEqxqKKsJCDj1qF5f,0xf345ebf3dd1d99ad751cbf142960805b6e416421e2626475398f6e6afc1fbb5a,true,
12,zkehr-cross-access-no-session,2026-05-02T04:16:38.118Z,0.410,6.666,0.034,0.801,194.442,0.207,5.230,4.873,6.491,3073.328,95.684,0.000,151.886,0.002,0.879,3537.704,0.006,173.370,0.000,0.006,7.183,0.003,0.010,0.004,0.001,0.011,181.389,3719.096,0xef1871e50561d0b217f79d80b90f43f0d3bfeb41e56831fff1e2e3290f5861d2,did:zkehr:zklogin:0xef1871e50561d0b217f79d80b90f43f0d3bfeb41e56831fff1e2e3290f5861d2,did:zkehr:hospital:hospital_B,GQfWdPkacVMdXq1qbZt8j1jZn526JzAzhtAfkjJW6wK1,0xd7c210ed14d3fb31d4ef3d391191169e9454ec2a1d6929335a742d96ac7533a2,true,
13,zkehr-cross-access-no-session,2026-05-02T04:16:41.837Z,0.418,5.929,0.039,0.733,185.654,0.192,6.335,5.482,6.916,3060.434,199.341,0.000,247.930,0.010,1.034,3716.744,0.006,60.294,0.000,0.005,6.633,0.003,0.002,0.004,0.001,0.010,67.803,3784.550,0xef1871e50561d0b217f79d80b90f43f0d3bfeb41e56831fff1e2e3290f5861d2,did:zkehr:zklogin:0xef1871e50561d0b217f79d80b90f43f0d3bfeb41e56831fff1e2e3290f5861d2,did:zkehr:hospital:hospital_B,88xn8fqNHBeKQjXEmeS6L6GbQ7pKF4A6biN6wSnxh2gZ,0x526e5baec9fd5841bbb638d0a756c5fd645bac7f5b3c033c6b0d7a04855d14b7,true,
14,zkehr-cross-access-no-session,2026-05-02T04:16:45.622Z,0.356,5.839,0.023,0.567,201.947,0.350,5.159,4.433,5.338,2391.666,104.027,0.000,179.453,0.002,1.036,2897.698,0.006,226.995,0.000,0.006,6.700,0.003,0.002,0.004,0.001,0.011,234.663,3132.363,0xef1871e50561d0b217f79d80b90f43f0d3bfeb41e56831fff1e2e3290f5861d2,did:zkehr:zklogin:0xef1871e50561d0b217f79d80b90f43f0d3bfeb41e56831fff1e2e3290f5861d2,did:zkehr:hospital:hospital_B,GTQQZm1STg61nhbH3oeVDeD49iEgZ2jNbXhSa2t7nZMa,0x4b8406a167dfb349da9b2a549607f2f6b751275c3bf8d90c66d680326517196c,true,
15,zkehr-cross-access-no-session,2026-05-02T04:16:48.754Z,0.467,5.913,0.027,0.700,188.687,0.686,5.372,5.313,6.354,3173.463,87.580,0.000,168.551,0.002,1.162,3640.572,0.006,173.186,0.000,0.006,7.441,0.003,0.002,0.004,0.001,0.012,181.618,3822.191,0xef1871e50561d0b217f79d80b90f43f0d3bfeb41e56831fff1e2e3290f5861d2,did:zkehr:zklogin:0xef1871e50561d0b217f79d80b90f43f0d3bfeb41e56831fff1e2e3290f5861d2,did:zkehr:hospital:hospital_B,BUgAcT1xChSP47Q49nvkp9BKJV6mFASngj6azmMgQfNY,0x668f3c5eaa300fa1cdc0b0aee027083f89ca4c741dade56c6e9eaa19cc886544,true,
16,zkehr-cross-access-no-session,2026-05-02T04:16:52.577Z,0.364,6.596,0.023,0.528,177.310,0.274,4.968,4.281,5.081,2421.973,104.895,0.000,182.471,0.002,0.950,2907.398,0.005,186.570,0.000,0.006,6.572,0.003,0.002,0.003,0.001,0.011,193.999,3101.399,0xef1871e50561d0b217f79d80b90f43f0d3bfeb41e56831fff1e2e3290f5861d2,did:zkehr:zklogin:0xef1871e50561d0b217f79d80b90f43f0d3bfeb41e56831fff1e2e3290f5861d2,did:zkehr:hospital:hospital_B,3Vfs2coCRZZZukjqEwFoqoxRqKehdDq1JfhZpmGa98bp,0x6331ae16766cb85cd387f9e1c3011a08bece4169c41d641cb3daf8434aa44873,true,
17,zkehr-cross-access-no-session,2026-05-02T04:16:55.678Z,0.436,5.893,0.030,0.980,203.238,0.268,5.588,4.811,6.275,2372.072,112.081,0.000,136.186,0.003,3.103,2848.041,0.006,138.495,0.000,0.006,6.649,0.003,0.002,0.004,0.001,0.014,146.093,2994.137,0xef1871e50561d0b217f79d80b90f43f0d3bfeb41e56831fff1e2e3290f5861d2,did:zkehr:zklogin:0xef1871e50561d0b217f79d80b90f43f0d3bfeb41e56831fff1e2e3290f5861d2,did:zkehr:hospital:hospital_B,5k5rKC6jENt8cL8VVdqCQ8JGW79wJsNdfYxdMjby38t8,0xf317b63973efdd2a423f75fa5276fa008256b6dbc24bed2613d3e6855a43b730,true,
18,zkehr-cross-access-no-session,2026-05-02T04:16:58.672Z,0.394,22.828,0.027,0.532,200.290,0.240,4.664,4.229,5.533,3108.622,92.713,0.000,185.403,0.003,0.973,3623.794,0.006,115.301,0.000,0.005,8.775,0.006,0.002,0.004,0.001,0.010,124.862,3748.658,0xef1871e50561d0b217f79d80b90f43f0d3bfeb41e56831fff1e2e3290f5861d2,did:zkehr:zklogin:0xef1871e50561d0b217f79d80b90f43f0d3bfeb41e56831fff1e2e3290f5861d2,did:zkehr:hospital:hospital_B,9XxPmtzoeZUQ8ihmV6EGbagh5GUWxdpajdMQndsUkGui,0x1ed11aac42bf2a3bc7d5c2a24252efce9d64e36bb2c9d7116e70c6e29156347c,true,
19,zkehr-cross-access-no-session,2026-05-02T04:17:02.421Z,0.371,5.879,0.024,0.556,196.042,0.212,5.026,4.964,6.864,3128.917,91.883,0.000,212.398,0.003,1.009,3651.565,0.006,118.260,0.000,0.005,7.554,0.007,0.002,0.003,0.001,0.010,126.708,3778.275,0xef1871e50561d0b217f79d80b90f43f0d3bfeb41e56831fff1e2e3290f5861d2,did:zkehr:zklogin:0xef1871e50561d0b217f79d80b90f43f0d3bfeb41e56831fff1e2e3290f5861d2,did:zkehr:hospital:hospital_B,H8RHvrj5HTDMADr237tFeKgkoX51pZMs15RVxyn6jxbS,0x4c7054b43147d9bbd745e06a32aa319d8d4f6097e725c9f4a691054913727471,true,
20,zkehr-cross-access-no-session,2026-05-02T04:17:06.199Z,0.379,7.182,0.032,0.534,193.584,0.224,5.156,4.838,4.798,2478.823,94.936,0.000,219.067,0.004,1.209,3007.608,0.007,118.794,0.000,0.007,7.335,0.002,0.002,0.004,0.001,0.016,127.091,3134.701,0xef1871e50561d0b217f79d80b90f43f0d3bfeb41e56831fff1e2e3290f5861d2,did:zkehr:zklogin:0xef1871e50561d0b217f79d80b90f43f0d3bfeb41e56831fff1e2e3290f5861d2,did:zkehr:hospital:hospital_B,CEEoam7E61i1Epg62dghDR79VosFUvE3VowwqmRYV6Ej,0x7d9107e5081013f74251a10de52aa5d10476a6f1fc7a92f21731d188f709cdec,true,
21,zkehr-cross-access-no-session,2026-05-02T04:17:09.334Z,0.360,6.572,0.024,0.566,221.750,0.256,4.795,4.134,4.882,3016.979,93.688,0.000,184.371,0.002,0.955,3536.819,0.005,290.869,0.000,0.006,6.661,0.003,0.002,0.004,0.001,0.041,298.409,3835.229,0xef1871e50561d0b217f79d80b90f43f0d3bfeb41e56831fff1e2e3290f5861d2,did:zkehr:zklogin:0xef1871e50561d0b217f79d80b90f43f0d3bfeb41e56831fff1e2e3290f5861d2,did:zkehr:hospital:hospital_B,EPAqyWgPF6hV11XE5oJmM4c5jS9otsiHSukZSzUVmPUm,0x58974fc16dc8aad8eb7d4e43a0068ba46392beb1484cc6f69f336dd66ffb33ca,true,
22,zkehr-cross-access-no-session,2026-05-02T04:17:13.169Z,0.405,6.451,0.028,0.559,187.915,0.201,5.425,5.363,5.092,2447.857,88.183,0.000,197.558,0.002,0.868,2942.079,0.005,117.296,0.000,0.005,8.171,0.001,0.003,0.005,0.002,0.016,126.429,3068.510,0xef1871e50561d0b217f79d80b90f43f0d3bfeb41e56831fff1e2e3290f5861d2,did:zkehr:zklogin:0xef1871e50561d0b217f79d80b90f43f0d3bfeb41e56831fff1e2e3290f5861d2,did:zkehr:hospital:hospital_B,Xu73rgSyEijBWKkkhyxWeqXmZ3KQjCFLnzctQKAW6Vn,0x85ffdae9b2ca39fa14239c1d23d918db778ecaac79aae35e86c3aa3863ef2dc2,true,
23,zkehr-cross-access-no-session,2026-05-02T04:17:16.238Z,0.345,5.826,0.026,0.562,216.959,0.198,5.192,4.320,4.832,2439.860,102.983,0.000,147.730,0.003,0.905,2927.054,0.006,180.222,0.000,0.006,8.402,0.001,0.001,0.003,0.001,0.011,189.519,3116.576,0xef1871e50561d0b217f79d80b90f43f0d3bfeb41e56831fff1e2e3290f5861d2,did:zkehr:zklogin:0xef1871e50561d0b217f79d80b90f43f0d3bfeb41e56831fff1e2e3290f5861d2,did:zkehr:hospital:hospital_B,DmQKQSkdtWoxXeZoCaBZCoaszGnUdS11JGNFDkYTXbKS,0xd6696ea317909588c4bc27bb5523f2cf7c731e67b8aae9295dbdc27498ddd859,true,
24,zkehr-cross-access-no-session,2026-05-02T04:17:19.355Z,0.347,21.312,0.029,0.557,195.847,0.204,6.674,5.860,4.769,2427.849,98.779,0.000,358.338,0.003,1.005,3117.296,0.006,60.139,0.000,0.005,8.766,0.001,0.002,0.005,0.002,0.016,69.956,3187.254,0xef1871e50561d0b217f79d80b90f43f0d3bfeb41e56831fff1e2e3290f5861d2,did:zkehr:zklogin:0xef1871e50561d0b217f79d80b90f43f0d3bfeb41e56831fff1e2e3290f5861d2,did:zkehr:hospital:hospital_B,6jSfjihG1JsQ29BVUuNCm5NxLMiSH5eaXmU8nfCsLbzx,0x94e1c8dbc77cb116d5fb22c713c35d4a851e88ed473bd26b5af56d596d3349f5,true,
25,zkehr-cross-access-no-session,2026-05-02T04:17:22.542Z,0.356,5.182,0.023,0.556,170.967,0.194,5.424,5.018,4.838,3153.557,91.132,0.000,233.096,0.002,0.995,3667.911,0.007,257.061,0.000,0.006,6.910,0.001,0.003,0.005,0.002,0.018,265.083,3932.997,0xef1871e50561d0b217f79d80b90f43f0d3bfeb41e56831fff1e2e3290f5861d2,did:zkehr:zklogin:0xef1871e50561d0b217f79d80b90f43f0d3bfeb41e56831fff1e2e3290f5861d2,did:zkehr:hospital:hospital_B,GdY57tnec9efAcMCUsi5Asx1ERGTXrCGxuxmhpuEtc6h,0x36ad9d12913a1c6e4977c4d5c29f3506f2d0b8eebf3cd012f0048f40c9796385,true,
26,zkehr-cross-access-no-session,2026-05-02T04:17:26.475Z,0.348,5.574,0.026,0.549,195.140,0.213,6.578,6.182,4.707,3141.895,95.507,0.000,155.827,0.002,0.931,3608.848,0.006,172.039,0.000,0.006,160.576,0.001,0.003,0.006,0.002,0.074,333.996,3942.846,0xef1871e50561d0b217f79d80b90f43f0d3bfeb41e56831fff1e2e3290f5861d2,did:zkehr:zklogin:0xef1871e50561d0b217f79d80b90f43f0d3bfeb41e56831fff1e2e3290f5861d2,did:zkehr:hospital:hospital_B,CAFLNqw4a8h1csXGeM3N2SAUohR8Ng7PrJsfW8Hpj4rP,0xd2cb4584fc836d9ec8d70f48da99038d715d0387f2e9c08e47ed0a6a86e80445,true,
27,zkehr-cross-access-no-session,2026-05-02T04:17:30.418Z,0.360,6.592,0.025,0.543,231.004,0.233,5.118,4.455,4.699,3082.171,92.605,0.000,210.289,0.002,1.085,3636.329,0.006,171.782,0.000,0.006,9.215,0.001,0.002,0.004,0.001,0.012,181.966,3818.297,0xef1871e50561d0b217f79d80b90f43f0d3bfeb41e56831fff1e2e3290f5861d2,did:zkehr:zklogin:0xef1871e50561d0b217f79d80b90f43f0d3bfeb41e56831fff1e2e3290f5861d2,did:zkehr:hospital:hospital_B,9SPx6uZdh45WuxjdsnMGwQL3mppBKwgMnpUz8HRcwYis,0x07b6eb55f1bd3dc3567780ca0597c80a0db0d0df1df79c510464874317489c3e,true,
28,zkehr-cross-access-no-session,2026-05-02T04:17:34.236Z,0.386,6.393,0.028,0.745,197.446,0.196,5.723,5.387,4.763,3119.379,110.321,0.001,295.802,0.002,0.986,3744.525,0.006,61.591,0.000,0.006,6.588,0.001,0.002,0.004,0.001,0.010,69.210,3813.738,0xef1871e50561d0b217f79d80b90f43f0d3bfeb41e56831fff1e2e3290f5861d2,did:zkehr:zklogin:0xef1871e50561d0b217f79d80b90f43f0d3bfeb41e56831fff1e2e3290f5861d2,did:zkehr:hospital:hospital_B,GLE7rqc9gZnkQPAuFVivRMZhTugBSTaCbSZvGRDPw1Wb,0x0469e7caa654dee80cdc2ecbf0cbb435767c5aea32a1b18ed2f6dedcfbb7aede,true,
29,zkehr-cross-access-no-session,2026-05-02T04:17:38.050Z,0.352,5.724,0.025,0.566,205.721,0.222,4.871,4.324,4.781,2416.939,90.584,0.001,185.591,0.010,1.088,2918.194,0.006,173.178,0.000,0.005,6.726,0.001,0.002,0.004,0.001,0.013,180.790,3098.987,0xef1871e50561d0b217f79d80b90f43f0d3bfeb41e56831fff1e2e3290f5861d2,did:zkehr:zklogin:0xef1871e50561d0b217f79d80b90f43f0d3bfeb41e56831fff1e2e3290f5861d2,did:zkehr:hospital:hospital_B,EGpaRymTibj66TDyT5EoKt5WJN5coCsDkfbbS1Rt2ap6,0x98c764b414366b6be122a1b5e9cc36907cdcbcf42677fbe13758d02602b01f72,true,
30,zkehr-cross-access-no-session,2026-05-02T04:17:41.149Z,0.382,5.756,0.025,0.810,189.747,0.349,5.236,4.350,5.379,3076.062,127.620,0.001,227.831,0.002,0.852,3642.421,0.006,147.460,0.000,0.006,7.309,0.001,0.002,0.004,0.001,0.010,155.521,3797.944,0xef1871e50561d0b217f79d80b90f43f0d3bfeb41e56831fff1e2e3290f5861d2,did:zkehr:zklogin:0xef1871e50561d0b217f79d80b90f43f0d3bfeb41e56831fff1e2e3290f5861d2,did:zkehr:hospital:hospital_B,FGZSDnfzfYfjnhybKb9uYjHh2LMDz5z8ujwtEEZhxc7V,0x3f0ac75cfb431caf41c40d4ec678dfc4742e74d65203cb35b450e92ba5c9f465,true,
31,zkehr-cross-access-no-session,2026-05-02T04:17:44.947Z,0.349,5.484,0.023,0.538,190.790,0.374,6.282,4.943,4.970,3119.552,91.712,0.000,192.228,0.003,1.097,3614.996,0.006,118.352,0.000,0.006,7.422,0.001,0.003,0.005,0.002,0.017,127.179,3742.177,0xef1871e50561d0b217f79d80b90f43f0d3bfeb41e56831fff1e2e3290f5861d2,did:zkehr:zklogin:0xef1871e50561d0b217f79d80b90f43f0d3bfeb41e56831fff1e2e3290f5861d2,did:zkehr:hospital:hospital_B,4qBDjE5aaGjoVHrV9BFiaPT3nqiB6UxA2QWV9pxwsoFN,0x0607d685a0010908b6316910649765041d0ccd33304052c7a5abf71b51f18f2c,true,
32,zkehr-cross-access-no-session,2026-05-02T04:17:48.689Z,0.400,5.882,0.023,0.531,214.292,0.229,5.089,4.469,5.305,2495.045,97.084,0.000,187.497,0.002,0.937,3014.087,0.005,118.458,0.000,0.005,6.215,0.001,0.002,0.004,0.001,0.011,125.549,3139.638,0xef1871e50561d0b217f79d80b90f43f0d3bfeb41e56831fff1e2e3290f5861d2,did:zkehr:zklogin:0xef1871e50561d0b217f79d80b90f43f0d3bfeb41e56831fff1e2e3290f5861d2,did:zkehr:hospital:hospital_B,FQ53JZxz6z9dnNwfcyhd9Xs4uy3696HhqDNjXzJrqB3j,0x4784694b26893557846e00bb4a834ff6322d4a112f150adb17b0aef4d47f5ec7,true,
33,zkehr-cross-access-no-session,2026-05-02T04:17:51.829Z,0.352,5.420,0.023,0.531,172.851,0.727,4.724,3.962,4.783,3067.226,110.162,0.000,231.573,0.003,1.016,3601.004,0.005,119.161,0.000,0.005,6.452,0.001,0.002,0.004,0.001,0.011,126.439,3727.446,0xef1871e50561d0b217f79d80b90f43f0d3bfeb41e56831fff1e2e3290f5861d2,did:zkehr:zklogin:0xef1871e50561d0b217f79d80b90f43f0d3bfeb41e56831fff1e2e3290f5861d2,did:zkehr:hospital:hospital_B,AFCyRpVgF3kUpQGRkC3Xg7ov4mQCFs9t6uTfPrUw59th,0x61daf0adbff4491447e1e72e7ebb00efecbf00df0ccf4a499f999ba8ed2b9cb7,true,
34,zkehr-cross-access-no-session,2026-05-02T04:17:55.557Z,0.356,5.749,0.024,0.526,209.770,0.201,5.778,5.107,4.825,2451.244,120.444,0.000,208.846,0.003,1.049,3010.435,0.008,184.720,0.000,0.005,22.344,0.001,0.002,0.004,0.001,0.013,207.866,3218.303,0xef1871e50561d0b217f79d80b90f43f0d3bfeb41e56831fff1e2e3290f5861d2,did:zkehr:zklogin:0xef1871e50561d0b217f79d80b90f43f0d3bfeb41e56831fff1e2e3290f5861d2,did:zkehr:hospital:hospital_B,4M4vM64QodtoBej78kpwRj1nHnjm9H6awaJRdeX5Fm7w,0xd9835a8a25348ebf1751802804678d3decb711cf2fd1c12f9873ea4479e18be6,true,
35,zkehr-cross-access-no-session,2026-05-02T04:17:58.775Z,0.351,5.517,0.027,0.541,293.278,0.213,5.586,5.053,4.743,2418.667,94.485,0.000,148.577,0.002,0.960,2974.868,0.005,118.354,0.000,0.006,6.435,0.001,0.002,0.004,0.001,0.011,125.605,3100.475,0xef1871e50561d0b217f79d80b90f43f0d3bfeb41e56831fff1e2e3290f5861d2,did:zkehr:zklogin:0xef1871e50561d0b217f79d80b90f43f0d3bfeb41e56831fff1e2e3290f5861d2,did:zkehr:hospital:hospital_B,4nn2CGAerURnAFzKNVcRT8NaG2HCgC7JfKQFrcLuu5Se,0xe5319b9e9b9de1a581a1904c68f7ebfd55c756fcff9211fa44567fadbea43c61,true,
36,zkehr-cross-access-no-session,2026-05-02T04:18:01.875Z,0.389,5.854,0.023,0.531,189.682,0.209,5.180,4.638,4.693,2400.070,88.471,0.001,165.315,0.002,0.906,2863.162,0.006,228.228,0.000,0.006,6.842,0.001,0.002,0.005,0.002,0.017,236.001,3099.165,0xef1871e50561d0b217f79d80b90f43f0d3bfeb41e56831fff1e2e3290f5861d2,did:zkehr:zklogin:0xef1871e50561d0b217f79d80b90f43f0d3bfeb41e56831fff1e2e3290f5861d2,did:zkehr:hospital:hospital_B,AohW6fhthCbeRqKvDeD4bAk69c7B7nY3R6hhnkbY5S1g,0x92f26e29e308a6470ef765b2a42aefe77f94ab63e72c1870aec486f03c7a7517,true,
37,zkehr-cross-access-no-session,2026-05-02T04:18:04.975Z,0.352,5.677,0.029,0.679,177.967,0.228,4.861,4.201,6.585,3338.539,90.739,0.000,212.890,0.003,1.211,3841.360,0.006,175.284,0.000,0.006,7.766,0.001,0.001,0.004,0.001,0.011,184.051,4025.414,0xef1871e50561d0b217f79d80b90f43f0d3bfeb41e56831fff1e2e3290f5861d2,did:zkehr:zklogin:0xef1871e50561d0b217f79d80b90f43f0d3bfeb41e56831fff1e2e3290f5861d2,did:zkehr:hospital:hospital_B,HKkia43L9D5aEpNw4D2i5b81Afi1o5YFyoZLmUkUSMYp,0xdb4348dac8d28921fd37c8682e1a1fcff7411d85645c0ab41cea042395796f36,true,
38,zkehr-cross-access-no-session,2026-05-02T04:18:09.000Z,0.390,6.213,0.026,0.592,189.109,0.235,5.282,4.864,4.870,2433.391,108.190,0.000,207.514,0.002,0.859,2958.257,0.006,192.727,0.000,0.006,9.879,0.001,0.002,0.005,0.002,0.016,203.545,3161.804,0xef1871e50561d0b217f79d80b90f43f0d3bfeb41e56831fff1e2e3290f5861d2,did:zkehr:zklogin:0xef1871e50561d0b217f79d80b90f43f0d3bfeb41e56831fff1e2e3290f5861d2,did:zkehr:hospital:hospital_B,2bKNVtgPA5sQBw5Ypa83X5NZpn2RXe1jTSs1dZWr1zom,0x24df8eed999729082f026390c27a9fc5356204283e66adcb35d7e89a049a5f9c,true,
39,zkehr-cross-access-no-session,2026-05-02T04:18:12.162Z,0.339,6.072,0.024,0.553,174.653,0.195,4.740,4.161,4.676,2435.839,107.630,0.000,198.840,0.003,1.103,2936.274,0.006,175.544,0.000,0.007,7.619,0.001,0.002,0.004,0.002,0.015,184.321,3120.598,0xef1871e50561d0b217f79d80b90f43f0d3bfeb41e56831fff1e2e3290f5861d2,did:zkehr:zklogin:0xef1871e50561d0b217f79d80b90f43f0d3bfeb41e56831fff1e2e3290f5861d2,did:zkehr:hospital:hospital_B,41F6ozzEUrSh59rxo5nitcsVhcSkkE95VM17G1sJCBQ8,0xb8ebfa434d11150fbefe6f68694968123a9eb1d1bfdd1b41a6b1096d984cc4c7,true,
40,zkehr-cross-access-no-session,2026-05-02T04:18:15.283Z,0.506,23.092,0.031,0.569,191.870,0.210,4.941,4.305,4.735,2452.027,136.258,0.000,186.976,0.003,1.180,3003.975,0.006,118.616,0.000,0.007,7.555,0.001,0.002,0.003,0.001,0.011,127.215,3131.192,0xef1871e50561d0b217f79d80b90f43f0d3bfeb41e56831fff1e2e3290f5861d2,did:zkehr:zklogin:0xef1871e50561d0b217f79d80b90f43f0d3bfeb41e56831fff1e2e3290f5861d2,did:zkehr:hospital:hospital_B,HBRTEuebKTB9y1VwP1fdnPQLhJnyNBtagWYZZh3Wg9rP,0x7edab0e1992d75485bb7f51c78a057c9442abc5dad75b158ff519b94d6743f46,true,
41,zkehr-cross-access-no-session,2026-05-02T04:18:18.414Z,0.364,5.766,0.022,0.568,188.521,0.413,5.140,5.078,5.569,2435.862,90.659,0.000,224.747,0.003,1.101,2960.340,0.006,178.711,0.000,0.007,6.646,0.001,0.001,0.004,0.001,0.012,186.326,3146.668,0xef1871e50561d0b217f79d80b90f43f0d3bfeb41e56831fff1e2e3290f5861d2,did:zkehr:zklogin:0xef1871e50561d0b217f79d80b90f43f0d3bfeb41e56831fff1e2e3290f5861d2,did:zkehr:hospital:hospital_B,JB2brxgayq6jzs24rC8syXJMNvRGYgDsAXC9ipPbQ4rN,0x0c5b49686a25a770750cea218ae787d8543a030ae926cc72f88ed3bfbc6c359b,true,
42,zkehr-cross-access-no-session,2026-05-02T04:18:21.561Z,0.355,6.052,0.024,0.566,179.423,0.170,5.089,5.036,4.944,2409.489,91.870,0.000,200.321,0.002,1.164,2901.000,0.006,176.883,0.000,0.007,7.003,0.001,0.002,0.004,0.001,0.011,184.936,3085.938,0xef1871e50561d0b217f79d80b90f43f0d3bfeb41e56831fff1e2e3290f5861d2,did:zkehr:zklogin:0xef1871e50561d0b217f79d80b90f43f0d3bfeb41e56831fff1e2e3290f5861d2,did:zkehr:hospital:hospital_B,8WnQDn1g3i7ZepW7UUVG8yzmBrVT6fmxRDwr4f4xWXEM,0xb3bbb8a6527044e44a31a6123a2080b2e1c3e0e98a67d1e05e73fd449bad2641,true,
43,zkehr-cross-access-no-session,2026-05-02T04:18:24.647Z,0.352,6.180,0.031,0.581,173.800,0.200,4.841,4.221,5.582,2445.151,108.145,0.000,208.591,0.002,0.914,2956.144,0.005,176.415,0.000,0.007,7.478,0.001,0.002,0.005,0.001,0.011,184.691,3140.837,0xef1871e50561d0b217f79d80b90f43f0d3bfeb41e56831fff1e2e3290f5861d2,did:zkehr:zklogin:0xef1871e50561d0b217f79d80b90f43f0d3bfeb41e56831fff1e2e3290f5861d2,did:zkehr:hospital:hospital_B,mArBmakmgFnzEoaHaLnCV64cXiPpQWY5fs5bvZmpWw2,0x8defc49d376e994268b369cedea5bca9ff0d1d5fb40eb823d46318e8dbd2990b,true,
44,zkehr-cross-access-no-session,2026-05-02T04:18:27.788Z,0.364,5.887,0.022,0.530,188.377,0.213,6.017,5.185,4.844,2442.001,99.287,0.000,199.338,0.003,0.951,2949.389,0.005,188.900,0.000,0.007,6.902,0.001,0.002,0.005,0.002,0.017,196.968,3146.359,0xef1871e50561d0b217f79d80b90f43f0d3bfeb41e56831fff1e2e3290f5861d2,did:zkehr:zklogin:0xef1871e50561d0b217f79d80b90f43f0d3bfeb41e56831fff1e2e3290f5861d2,did:zkehr:hospital:hospital_B,46qUKTYx2QGhZmvq7rCkj5RWQQxoqHw25jpXmUCHoWnw,0x94a76a073d3cba8d6e31be7040cb55e2a1bceca8bb77ff62cc7405b3300503da,true,
45,zkehr-cross-access-no-session,2026-05-02T04:18:30.934Z,0.353,6.898,0.022,0.558,198.050,0.201,5.128,4.699,4.877,2456.163,92.073,0.000,223.445,0.012,1.247,2990.708,0.007,174.665,0.000,0.006,8.447,0.001,0.002,0.005,0.003,0.019,184.520,3175.230,0xef1871e50561d0b217f79d80b90f43f0d3bfeb41e56831fff1e2e3290f5861d2,did:zkehr:zklogin:0xef1871e50561d0b217f79d80b90f43f0d3bfeb41e56831fff1e2e3290f5861d2,did:zkehr:hospital:hospital_B,C8qrduYgbxQfmghsREiKRMLvUomGaFP7ZZXUbf4We2UV,0x92111e4e143042c32295b0f087654c7ed8da16568e598abb4a2287737a390005,true,
46,zkehr-cross-access-no-session,2026-05-02T04:18:34.109Z,0.398,6.345,0.023,0.560,174.637,0.364,4.862,4.267,7.061,2462.536,105.933,0.000,192.182,0.003,1.200,2958.033,0.007,177.628,0.000,0.008,6.972,0.001,0.002,0.005,0.002,0.020,186.021,3144.056,0xef1871e50561d0b217f79d80b90f43f0d3bfeb41e56831fff1e2e3290f5861d2,did:zkehr:zklogin:0xef1871e50561d0b217f79d80b90f43f0d3bfeb41e56831fff1e2e3290f5861d2,did:zkehr:hospital:hospital_B,5UsouaSFPbH6DQ5tv9R5jDJcak1baARviodcCLD39p7b,0xb4c13c03cf9a84f1ae8a99906f516d112fd4a938650c6ad97543e6f34b8092e8,true,
47,zkehr-cross-access-no-session,2026-05-02T04:18:37.253Z,0.401,5.636,0.027,0.566,204.020,0.210,6.112,5.664,5.055,2500.988,89.324,0.000,183.518,0.003,0.965,2998.368,0.006,117.545,0.000,0.007,7.532,0.001,0.002,0.004,0.001,0.011,125.942,3124.312,0xef1871e50561d0b217f79d80b90f43f0d3bfeb41e56831fff1e2e3290f5861d2,did:zkehr:zklogin:0xef1871e50561d0b217f79d80b90f43f0d3bfeb41e56831fff1e2e3290f5861d2,did:zkehr:hospital:hospital_B,A2DF2BM1yAL8Xnj8R3T4fn8JKQCHw8yB8pv7fzmCbS6p,0x78b9122e96934805e5629ede181033a3389af366fc272f5bdfffcfd164d3b986,true,
48,zkehr-cross-access-no-session,2026-05-02T04:18:40.378Z,0.347,6.745,0.024,0.547,191.454,0.201,4.715,4.655,5.671,3110.469,92.385,0.000,228.418,0.003,1.064,3643.664,0.005,119.258,0.000,0.008,7.559,0.001,0.004,0.004,0.001,0.015,127.805,3771.471,0xef1871e50561d0b217f79d80b90f43f0d3bfeb41e56831fff1e2e3290f5861d2,did:zkehr:zklogin:0xef1871e50561d0b217f79d80b90f43f0d3bfeb41e56831fff1e2e3290f5861d2,did:zkehr:hospital:hospital_B,A5peajf3wguAwZSLs2RncLL2syUfxbbMRsgPJctrmq5Z,0xf86d20262932bd087d0ecfb0f31e034567449413971ca87efe31f093fefe4583,true,
49,zkehr-cross-access-no-session,2026-05-02T04:18:44.149Z,0.399,5.250,0.024,0.554,182.135,0.220,4.848,4.278,4.681,3083.368,99.951,0.000,149.648,0.003,1.156,3533.826,0.007,172.688,0.000,0.007,7.178,0.001,0.002,0.004,0.001,0.014,181.111,3714.939,0xef1871e50561d0b217f79d80b90f43f0d3bfeb41e56831fff1e2e3290f5861d2,did:zkehr:zklogin:0xef1871e50561d0b217f79d80b90f43f0d3bfeb41e56831fff1e2e3290f5861d2,did:zkehr:hospital:hospital_B,wYGCuVUHjkiTYeNoccrC3bT5cTeAqEQF7eXFRuSXdBL,0xd1b69f2a00b2e65e3ed4d5075848ac582b4980b18a55069e36531d38da4cbf0d,true,
50,zkehr-cross-access-no-session,2026-05-02T04:18:47.864Z,0.400,5.842,0.032,0.565,186.353,0.216,4.794,4.717,4.677,3083.830,82.419,0.000,212.807,0.002,1.147,3584.691,0.006,117.223,0.000,0.007,7.296,0.001,0.002,0.004,0.001,0.013,125.570,3710.299,0xef1871e50561d0b217f79d80b90f43f0d3bfeb41e56831fff1e2e3290f5861d2,did:zkehr:zklogin:0xef1871e50561d0b217f79d80b90f43f0d3bfeb41e56831fff1e2e3290f5861d2,did:zkehr:hospital:hospital_B,8w7fQemrpfj2jTx1xbztc6TiVNBKd9tH9eEGsLtqHcUG,0xeb4d5c121f153179624957fcc354ec611b3ea99ccb3e1bfb4eb08b275a9ad49a,true,
51,zkehr-cross-access-no-session,2026-05-02T04:18:51.575Z,0.360,5.830,0.027,0.540,189.904,0.858,4.831,4.549,5.938,3132.039,80.051,0.000,169.098,0.002,1.218,3592.327,0.006,174.589,0.000,0.007,6.200,0.001,0.002,0.004,0.001,0.015,181.894,3774.223,0xef1871e50561d0b217f79d80b90f43f0d3bfeb41e56831fff1e2e3290f5861d2,did:zkehr:zklogin:0xef1871e50561d0b217f79d80b90f43f0d3bfeb41e56831fff1e2e3290f5861d2,did:zkehr:hospital:hospital_B,3WhyyPvo8HeF6hGjSS2SF4iUnvN8uW5hAczWRzPbtisu,0xe326e6331e232bfcec447331aa0e5c1b827923976c90ec5dfd651b165601d028,true,
52,zkehr-cross-access-no-session,2026-05-02T04:18:55.349Z,0.375,6.107,0.023,0.562,187.947,0.202,4.570,3.924,5.006,2442.316,112.279,0.000,265.282,0.003,1.116,3027.364,0.006,60.677,0.000,0.006,6.438,0.001,0.002,0.004,0.001,0.011,68.044,3095.409,0xef1871e50561d0b217f79d80b90f43f0d3bfeb41e56831fff1e2e3290f5861d2,did:zkehr:zklogin:0xef1871e50561d0b217f79d80b90f43f0d3bfeb41e56831fff1e2e3290f5861d2,did:zkehr:hospital:hospital_B,6iNsWzZxWNXaoeVUexhG5aqBFSdLms8ejwXVTFdAmJ81,0x50177d2998f1a9a920f8499b25f874ec8c83245b355c4e77206c5de665ddfde4,true,
53,zkehr-cross-access-no-session,2026-05-02T04:18:58.444Z,0.387,5.796,0.031,0.528,194.488,0.204,5.972,5.585,4.810,2436.355,591.604,0.000,222.528,0.004,1.345,3465.688,0.006,119.203,0.000,0.006,6.679,0.001,0.002,0.005,0.002,0.016,126.772,3592.462,0xef1871e50561d0b217f79d80b90f43f0d3bfeb41e56831fff1e2e3290f5861d2,did:zkehr:zklogin:0xef1871e50561d0b217f79d80b90f43f0d3bfeb41e56831fff1e2e3290f5861d2,did:zkehr:hospital:hospital_B,EPD1M836kLs37uneEJ2wPKnqpDuixiCHEJ9h7ze8xHGY,0x6fb21828bc8510c9e87c061cd60d8e6f84993b2f33fe8e132d1b9055f245bbb4,true,
54,zkehr-cross-access-no-session,2026-05-02T04:19:02.037Z,0.373,5.850,0.023,0.553,231.349,0.214,5.246,4.795,5.606,3096.841,93.323,0.000,194.211,0.002,1.057,3636.190,0.006,116.875,0.000,0.007,7.312,0.001,0.002,0.004,0.001,0.013,125.109,3761.300,0xef1871e50561d0b217f79d80b90f43f0d3bfeb41e56831fff1e2e3290f5861d2,did:zkehr:zklogin:0xef1871e50561d0b217f79d80b90f43f0d3bfeb41e56831fff1e2e3290f5861d2,did:zkehr:hospital:hospital_B,5xWEmV74dsnS1HDGD7XcXyU1fF4GV2heMoHfMw8qLodt,0x189035e2b10c40f66c4921fb69ec7fa6b8d26247fdc6e654e3216b0969258f26,true,
55,zkehr-cross-access-no-session,2026-05-02T04:19:05.798Z,0.375,7.284,0.024,0.583,213.286,0.193,4.681,4.049,4.821,3111.441,100.366,0.000,196.152,0.009,1.047,3641.850,0.006,118.753,0.000,0.007,5.828,0.001,0.003,0.005,0.002,0.020,125.798,3767.649,0xef1871e50561d0b217f79d80b90f43f0d3bfeb41e56831fff1e2e3290f5861d2,did:zkehr:zklogin:0xef1871e50561d0b217f79d80b90f43f0d3bfeb41e56831fff1e2e3290f5861d2,did:zkehr:hospital:hospital_B,B7gLstux4Z7PKrvKzpX2Am8KEeiVwbAzfp2XuMkWb9HL,0x5c7b32226b6e6360b766e5bb12ab4aaf54d45ecfb2adee2894fd9f196007ae0d,true,
56,zkehr-cross-access-no-session,2026-05-02T04:19:09.566Z,0.364,5.989,0.032,0.576,204.951,0.200,4.758,4.170,4.701,3127.232,91.578,0.000,196.271,0.003,1.063,3639.287,0.006,117.208,0.000,0.036,5.922,0.001,0.002,0.004,0.001,0.010,124.127,3763.416,0xef1871e50561d0b217f79d80b90f43f0d3bfeb41e56831fff1e2e3290f5861d2,did:zkehr:zklogin:0xef1871e50561d0b217f79d80b90f43f0d3bfeb41e56831fff1e2e3290f5861d2,did:zkehr:hospital:hospital_B,3Rbrn7ugt2CebHtL4CAMqLuoRDkTqSqmM3uSWayZjFsw,0x3ccd587e6ddb0920cc5306d1057764027ba4d57789313b9d3bf1318b38b8461e,true,
57,zkehr-cross-access-no-session,2026-05-02T04:19:13.329Z,0.389,5.627,0.050,0.545,199.680,0.199,5.150,4.780,4.805,3036.105,97.859,0.000,184.540,0.002,1.109,3537.644,0.006,229.865,0.001,0.010,7.424,0.001,0.002,0.004,0.002,0.011,238.349,3775.995,0xef1871e50561d0b217f79d80b90f43f0d3bfeb41e56831fff1e2e3290f5861d2,did:zkehr:zklogin:0xef1871e50561d0b217f79d80b90f43f0d3bfeb41e56831fff1e2e3290f5861d2,did:zkehr:hospital:hospital_B,EPoq1ECybCtPgiMaB2cfjPAGeEVAzdo17LVQsbZip3d9,0x71361e1b2d87eee03747ad37913ab38d8a474d5ccfcd6cb8efbe5fd50a9f2526,true,
58,zkehr-cross-access-no-session,2026-05-02T04:19:17.106Z,0.365,5.940,0.024,0.533,202.580,0.207,4.740,4.084,4.996,3117.793,128.013,0.000,226.484,0.003,1.033,3694.291,0.006,231.154,0.000,0.008,6.567,0.001,0.002,0.004,0.001,0.013,238.586,3932.878,0xef1871e50561d0b217f79d80b90f43f0d3bfeb41e56831fff1e2e3290f5861d2,did:zkehr:zklogin:0xef1871e50561d0b217f79d80b90f43f0d3bfeb41e56831fff1e2e3290f5861d2,did:zkehr:hospital:hospital_B,CCKgy77zYRDm8CVpdcHe7Rfzzayf7rYzYsAjuHx1sT6z,0xe86379ead72d52e3736a2dcb9068dde99b46b5a69e1aac60009c5da5f54db317,true,
59,zkehr-cross-access-no-session,2026-05-02T04:19:21.038Z,0.388,5.939,0.032,0.740,190.560,0.213,4.937,4.127,6.521,3116.539,91.286,0.000,155.330,0.003,1.157,3575.537,0.006,230.740,0.000,0.007,7.336,0.001,0.002,0.005,0.002,0.018,239.297,3814.836,0xef1871e50561d0b217f79d80b90f43f0d3bfeb41e56831fff1e2e3290f5861d2,did:zkehr:zklogin:0xef1871e50561d0b217f79d80b90f43f0d3bfeb41e56831fff1e2e3290f5861d2,did:zkehr:hospital:hospital_B,8fZMYDRAm9vzT7LG7TwYdG1d2zukrajS2nnCCcA1eyhr,0xfbfc9c76840d9b4475063dde3d57127d2b48ca72ba0fc48c222bf3ee40dbbb07,true,
60,zkehr-cross-access-no-session,2026-05-02T04:19:24.853Z,0.394,5.368,0.023,0.564,193.642,0.236,7.074,6.255,4.730,3098.762,94.921,0.000,238.812,0.003,1.178,3647.273,0.006,60.806,0.000,0.007,7.243,0.001,0.002,0.004,0.001,0.011,69.036,3716.310,0xef1871e50561d0b217f79d80b90f43f0d3bfeb41e56831fff1e2e3290f5861d2,did:zkehr:zklogin:0xef1871e50561d0b217f79d80b90f43f0d3bfeb41e56831fff1e2e3290f5861d2,did:zkehr:hospital:hospital_B,CUGE77ZEx8honqxPffDbQDsRTCZ1WPMCE2UHfUZGzAWc,0x52ee89410e9a8c760ec3be0734b7cc2a5f679fb51d8f3646739541b8437ec86b,true,
61,zkehr-cross-access-no-session,2026-05-02T04:19:28.570Z,0.354,6.474,0.027,0.572,205.738,0.183,4.566,3.923,6.253,3064.037,86.781,0.000,197.324,0.010,1.175,3575.148,0.006,172.451,0.000,0.006,6.476,0.001,0.001,0.004,0.001,0.015,180.071,3755.221,0xef1871e50561d0b217f79d80b90f43f0d3bfeb41e56831fff1e2e3290f5861d2,did:zkehr:zklogin:0xef1871e50561d0b217f79d80b90f43f0d3bfeb41e56831fff1e2e3290f5861d2,did:zkehr:hospital:hospital_B,HmgfpeoyV6X2MmcE7AAVq1m81W6PKP3fnW2HePQzbMm6,0xbc0b2300470713a7340eba8ebc20c26ae525c7e3f5ce859e08f9b611601d34f9,true,
62,zkehr-cross-access-no-session,2026-05-02T04:19:32.325Z,0.372,5.455,0.025,0.537,158.187,0.509,5.117,4.316,5.382,3155.561,98.750,0.000,152.795,0.002,1.034,3585.268,0.006,228.492,0.000,0.007,7.219,0.001,0.002,0.004,0.001,0.011,236.665,3821.935,0xef1871e50561d0b217f79d80b90f43f0d3bfeb41e56831fff1e2e3290f5861d2,did:zkehr:zklogin:0xef1871e50561d0b217f79d80b90f43f0d3bfeb41e56831fff1e2e3290f5861d2,did:zkehr:hospital:hospital_B,ANan4puZWALDYqxWU1Mm1ExSDiZjbJDkiwe3CM6ibi7m,0xfdf336d290993d11f06c22b3f0671d73869e415665e670d86d66420b329d27bf,true,
63,zkehr-cross-access-no-session,2026-05-02T04:19:36.147Z,0.509,6.337,0.027,0.529,206.052,0.203,5.244,4.923,5.434,3119.425,94.718,0.000,193.733,0.002,1.088,3634.961,0.006,117.936,0.000,0.006,5.907,0.001,0.002,0.004,0.001,0.011,124.861,3759.823,0xef1871e50561d0b217f79d80b90f43f0d3bfeb41e56831fff1e2e3290f5861d2,did:zkehr:zklogin:0xef1871e50561d0b217f79d80b90f43f0d3bfeb41e56831fff1e2e3290f5861d2,did:zkehr:hospital:hospital_B,3zTtzHXicQ4t4ehJ9h5LHqmd6U655uAMtfSPuEVk9VPw,0x8169f08d7da9b9f744cf84c9de4dbde391a17909e9ebc185196a5f8c9a5e8e42,true,
64,zkehr-cross-access-no-session,2026-05-02T04:19:39.907Z,0.352,6.006,0.024,0.555,192.573,0.245,4.735,4.139,4.829,3307.906,93.074,0.000,183.841,0.002,1.066,3796.776,0.006,174.336,0.000,0.007,5.943,0.001,0.001,0.004,0.001,0.011,181.255,3978.032,0xef1871e50561d0b217f79d80b90f43f0d3bfeb41e56831fff1e2e3290f5861d2,did:zkehr:zklogin:0xef1871e50561d0b217f79d80b90f43f0d3bfeb41e56831fff1e2e3290f5861d2,did:zkehr:hospital:hospital_B,6KVFiHzu9BJdWNAmiamhfzotjwTR9L8eJjimFwUuFjS1,0x87ca165e49e224605234a1b524fe7e645c1bfb85a01859542db7574b6705132a,true,
65,zkehr-cross-access-no-session,2026-05-02T04:19:43.885Z,0.394,78.727,0.027,0.558,185.615,0.289,4.894,4.160,7.099,3388.808,103.003,0.000,132.488,0.002,1.214,3904.810,0.006,222.386,0.000,0.007,7.865,0.001,0.002,0.004,0.001,0.015,231.464,4136.275,0xef1871e50561d0b217f79d80b90f43f0d3bfeb41e56831fff1e2e3290f5861d2,did:zkehr:zklogin:0xef1871e50561d0b217f79d80b90f43f0d3bfeb41e56831fff1e2e3290f5861d2,did:zkehr:hospital:hospital_B,Bm7dmtQHSECLyYqnJtS8sXqmfRTr9VyvPXjVyFE4PGTK,0xf38d5b27e483a27471a036536034d76d098ac30e6aad281906b4c7e39730127a,true,
66,zkehr-cross-access-no-session,2026-05-02T04:19:48.021Z,0.381,5.887,0.024,0.530,200.133,0.198,4.914,4.265,5.168,3311.987,91.676,0.000,168.574,0.002,1.237,3792.268,0.007,231.240,0.001,0.010,8.400,0.001,0.002,0.004,0.001,0.012,240.679,4032.948,0xef1871e50561d0b217f79d80b90f43f0d3bfeb41e56831fff1e2e3290f5861d2,did:zkehr:zklogin:0xef1871e50561d0b217f79d80b90f43f0d3bfeb41e56831fff1e2e3290f5861d2,did:zkehr:hospital:hospital_B,JDXTAsJSR5qWFivv78eAPo5VqKBPxLb5JhtwWJzZ4YXv,0xc4b0ca3f73142ff4749fcc66c44bf2e45bd4e9a752c82bb8f26e5e1cfaad7896,true,
67,zkehr-cross-access-no-session,2026-05-02T04:19:52.054Z,0.374,6.244,0.025,0.565,193.124,0.229,5.133,4.709,6.139,2450.828,84.995,0.000,203.933,0.002,1.024,2954.601,0.006,174.048,0.000,0.007,6.061,0.001,0.002,0.005,0.002,0.018,181.521,3136.124,0xef1871e50561d0b217f79d80b90f43f0d3bfeb41e56831fff1e2e3290f5861d2,did:zkehr:zklogin:0xef1871e50561d0b217f79d80b90f43f0d3bfeb41e56831fff1e2e3290f5861d2,did:zkehr:hospital:hospital_B,GrdKVq3h5ZXy9ZALwK4ZYtQGmbgHVsP2hBy4toxTxW4d,0xd77952ed383c1326fbee918460a9f92609d612037b81ace226dde1d63c3e8f36,true,
68,zkehr-cross-access-no-session,2026-05-02T04:19:55.191Z,0.358,5.507,0.027,0.577,202.422,0.238,8.674,7.824,4.879,3208.694,98.109,0.000,212.860,0.003,0.994,3744.955,0.005,175.383,0.000,0.007,8.233,0.001,0.005,0.005,0.002,0.019,184.942,3929.898,0xef1871e50561d0b217f79d80b90f43f0d3bfeb41e56831fff1e2e3290f5861d2,did:zkehr:zklogin:0xef1871e50561d0b217f79d80b90f43f0d3bfeb41e56831fff1e2e3290f5861d2,did:zkehr:hospital:hospital_B,BvWr9GHndzWAEohGADiNyauP8JvKz6GKPQDxLFHGwRyw,0x8e1ff498b552f23dd03295467637944220e3a0e53b0e4bb79fe04d2e4833cd84,true,
69,zkehr-cross-access-no-session,2026-05-02T04:19:59.120Z,0.380,5.979,0.025,0.538,207.311,0.190,4.997,4.366,6.182,3106.131,97.075,0.000,145.178,0.002,3.393,3578.968,0.006,174.887,0.000,0.008,6.489,0.001,0.001,0.004,0.001,0.014,182.484,3761.453,0xef1871e50561d0b217f79d80b90f43f0d3bfeb41e56831fff1e2e3290f5861d2,did:zkehr:zklogin:0xef1871e50561d0b217f79d80b90f43f0d3bfeb41e56831fff1e2e3290f5861d2,did:zkehr:hospital:hospital_B,5wCEnmUf4Tzp6EVi7bzwiPp1dPNxrB7KEGtpeWKFbVHV,0x78a840b33857dce93627dc9e0af2daf8632cb2866034ede154f38298bf5b8c53,true,
70,zkehr-cross-access-no-session,2026-05-02T04:20:02.882Z,0.367,8.992,0.024,0.554,201.921,0.213,5.359,4.660,4.881,3151.915,87.217,0.000,258.997,0.003,1.136,3723.147,0.006,230.872,0.001,0.010,6.596,0.001,0.002,0.004,0.001,0.014,238.529,3961.678,0xef1871e50561d0b217f79d80b90f43f0d3bfeb41e56831fff1e2e3290f5861d2,did:zkehr:zklogin:0xef1871e50561d0b217f79d80b90f43f0d3bfeb41e56831fff1e2e3290f5861d2,did:zkehr:hospital:hospital_B,HryPwAw1F92UYhmk47t4NwbD5icQ5skJb48M5a76DBza,0xb0d1fe0329d7420e8b5ea4874923b0105dab4092356cd5d10ab6caf16576f787,true,
71,zkehr-cross-access-no-session,2026-05-02T04:20:06.844Z,0.356,6.515,0.023,0.528,188.634,0.201,4.884,4.484,7.429,3075.598,90.108,0.000,186.509,0.003,1.065,3563.875,0.006,243.093,0.000,0.008,5.691,0.001,0.002,0.004,0.001,0.014,249.753,3813.629,0xef1871e50561d0b217f79d80b90f43f0d3bfeb41e56831fff1e2e3290f5861d2,did:zkehr:zklogin:0xef1871e50561d0b217f79d80b90f43f0d3bfeb41e56831fff1e2e3290f5861d2,did:zkehr:hospital:hospital_B,BCqz8eyV8wuaMCzsCCLE1sNHCXqYoAEbSnxZfaqy559a,0x52ece01810af09d2c19aa9eb2f07f11a3aeaab8a19425f6941e7bd1155ebd743,true,
72,zkehr-cross-access-no-session,2026-05-02T04:20:10.657Z,0.396,5.778,0.065,0.758,166.066,0.218,5.561,4.751,4.704,3044.050,83.671,0.000,202.142,0.003,1.114,3516.063,0.006,266.997,0.000,0.007,5.938,0.001,0.002,0.004,0.001,0.010,273.930,3789.994,0xef1871e50561d0b217f79d80b90f43f0d3bfeb41e56831fff1e2e3290f5861d2,did:zkehr:zklogin:0xef1871e50561d0b217f79d80b90f43f0d3bfeb41e56831fff1e2e3290f5861d2,did:zkehr:hospital:hospital_B,BCYT4fQf1HWo1yLZ1YUYx63zJjFMrmFEXayNeyfCqqgu,0x661d775eb7728fc5eb9bc1f45067298cefea933670afe05d3b9520947cd4320c,true,
73,zkehr-cross-access-no-session,2026-05-02T04:20:14.447Z,0.397,5.815,0.022,0.527,203.599,0.199,5.278,4.639,5.377,3098.858,79.562,0.000,196.403,0.002,1.139,3598.752,0.005,118.109,0.000,0.010,5.861,0.001,0.002,0.004,0.001,0.011,124.967,3723.721,0xef1871e50561d0b217f79d80b90f43f0d3bfeb41e56831fff1e2e3290f5861d2,did:zkehr:zklogin:0xef1871e50561d0b217f79d80b90f43f0d3bfeb41e56831fff1e2e3290f5861d2,did:zkehr:hospital:hospital_B,ENhwkJRnJwL5H99WNWoATs4FhJsqkcfrZXrd3Zzh7KPK,0x4a9d773fc60328a21ad79ac8e27290f210b2d36df60a06fed24fa1948f401de9,true,
74,zkehr-cross-access-no-session,2026-05-02T04:20:18.171Z,0.395,5.433,0.026,0.642,182.701,0.219,5.556,4.701,5.142,3129.675,96.392,0.000,215.600,0.003,1.106,3644.449,0.005,117.837,0.000,0.016,7.456,0.001,0.001,0.004,0.002,0.012,126.388,3770.839,0xef1871e50561d0b217f79d80b90f43f0d3bfeb41e56831fff1e2e3290f5861d2,did:zkehr:zklogin:0xef1871e50561d0b217f79d80b90f43f0d3bfeb41e56831fff1e2e3290f5861d2,did:zkehr:hospital:hospital_B,9tx66K74moXgwTFqycnjFNQwTvibvsD19gCcU6gGv9Cm,0xf1537c9631a23355a6c863f20f875de970dfee876a808f49bba081422b95d0ce,true,
75,zkehr-cross-access-no-session,2026-05-02T04:20:21.942Z,0.420,5.229,0.025,0.646,189.005,0.543,4.345,4.293,4.766,3091.292,106.131,0.000,189.565,0.003,1.290,3594.792,0.006,187.435,0.000,0.008,5.578,0.001,0.002,0.004,0.001,0.015,194.267,3789.061,0xef1871e50561d0b217f79d80b90f43f0d3bfeb41e56831fff1e2e3290f5861d2,did:zkehr:zklogin:0xef1871e50561d0b217f79d80b90f43f0d3bfeb41e56831fff1e2e3290f5861d2,did:zkehr:hospital:hospital_B,6dwSe7KnuLX8kXQAxJt6Yedn1v45PrsgRrzdVzghASCo,0x71aecfb1ffbeda403ffe5d9758da8916d40f16a7079414d0f85f9333027b90bf,true,
76,zkehr-cross-access-no-session,2026-05-02T04:20:25.731Z,0.388,27.186,0.046,0.540,194.344,0.203,5.958,5.145,4.816,3110.875,117.045,0.000,157.009,0.010,1.291,3621.553,0.006,155.918,0.000,0.006,6.075,0.001,0.001,0.004,0.001,0.011,163.097,3784.651,0xef1871e50561d0b217f79d80b90f43f0d3bfeb41e56831fff1e2e3290f5861d2,did:zkehr:zklogin:0xef1871e50561d0b217f79d80b90f43f0d3bfeb41e56831fff1e2e3290f5861d2,did:zkehr:hospital:hospital_B,AfqGrz46FeDiJ9cXjGy3DxqXZRWR8HNVmx6iD1MdDdmn,0x7d3cac06406731f1e9b42e8a4ec6a83d98df03f1d15dd8d3a40d42b58f3dc7e2,true,
77,zkehr-cross-access-no-session,2026-05-02T04:20:29.516Z,0.361,14.346,0.025,0.537,191.107,0.369,5.291,4.705,5.435,3168.980,88.657,0.000,173.798,0.002,1.127,3651.601,0.007,231.000,0.000,0.007,6.694,0.001,0.002,0.004,0.001,0.011,238.824,3890.427,0xef1871e50561d0b217f79d80b90f43f0d3bfeb41e56831fff1e2e3290f5861d2,did:zkehr:zklogin:0xef1871e50561d0b217f79d80b90f43f0d3bfeb41e56831fff1e2e3290f5861d2,did:zkehr:hospital:hospital_B,CxMUYhiyFun9ZehKfohBJQjcQCFwRow6hdFqvPPGDwK1,0xa3b28af62d88258820fb8b5b53e1b4c586adc23ddbd61db549ac57478beb9662,true,
78,zkehr-cross-access-no-session,2026-05-02T04:20:33.406Z,0.388,5.571,0.023,0.569,252.833,0.213,4.970,4.199,5.127,3180.686,122.669,0.000,212.154,0.003,1.033,3787.815,0.006,183.653,0.000,0.008,5.826,0.001,0.002,0.004,0.001,0.017,190.675,3978.492,0xef1871e50561d0b217f79d80b90f43f0d3bfeb41e56831fff1e2e3290f5861d2,did:zkehr:zklogin:0xef1871e50561d0b217f79d80b90f43f0d3bfeb41e56831fff1e2e3290f5861d2,did:zkehr:hospital:hospital_B,7Ua9VsrkYbHAcNTFRbuxFrP391nPpaNGnWyd9jvzM1Dk,0xae35300d228bfe8d4f0de02861249524762f47f548f03d2c2ad433528133c70f,true,
79,zkehr-cross-access-no-session,2026-05-02T04:20:37.385Z,0.456,19.119,0.023,0.526,187.849,0.221,4.854,4.629,4.725,3191.955,94.080,0.000,170.159,0.003,1.174,3676.746,0.006,116.966,0.000,0.008,6.289,0.001,0.002,0.004,0.001,0.014,124.424,3801.171,0xef1871e50561d0b217f79d80b90f43f0d3bfeb41e56831fff1e2e3290f5861d2,did:zkehr:zklogin:0xef1871e50561d0b217f79d80b90f43f0d3bfeb41e56831fff1e2e3290f5861d2,did:zkehr:hospital:hospital_B,E1U9wqnioQSDZDrL8rvgwBauJ8Q8VLbi3RdWiu5xLVgU,0x7730da3df3e1a2648f0d24a75942858ea3a5ea00c89f218e8181e458c5c46878,true,
80,zkehr-cross-access-no-session,2026-05-02T04:20:41.186Z,0.388,5.999,0.024,0.551,169.144,0.231,5.969,5.313,8.102,2409.158,90.687,0.000,169.866,0.002,1.043,2862.787,0.005,277.646,0.000,0.007,5.527,0.001,0.002,0.004,0.001,0.014,284.408,3147.197,0xef1871e50561d0b217f79d80b90f43f0d3bfeb41e56831fff1e2e3290f5861d2,did:zkehr:zklogin:0xef1871e50561d0b217f79d80b90f43f0d3bfeb41e56831fff1e2e3290f5861d2,did:zkehr:hospital:hospital_B,6LGdGTAtgxxrSiZGvq6iRL3vNzFRCbvmvyNWGzo6jFpB,0xad78e2a4e60719b5ec67c6ebb3dea9956bf8bbc738b2fb3d89a14078c2245878,true,
81,zkehr-cross-access-no-session,2026-05-02T04:20:44.334Z,0.368,6.251,0.023,0.560,227.339,0.149,5.165,4.751,4.726,3091.789,110.467,0.000,190.351,0.003,1.084,3639.860,0.006,122.413,0.000,0.008,5.708,0.001,0.002,0.004,0.001,0.018,129.145,3769.007,0xef1871e50561d0b217f79d80b90f43f0d3bfeb41e56831fff1e2e3290f5861d2,did:zkehr:zklogin:0xef1871e50561d0b217f79d80b90f43f0d3bfeb41e56831fff1e2e3290f5861d2,did:zkehr:hospital:hospital_B,EX7SwxV6atrABKJ7BJ7gMxsfm2mWHJus1W9NtXnbWVfU,0x6bb35d54cab3a99232e29553b89cd5a50445b4ad9c0e2c17f4791d4c04110931,true,
82,zkehr-cross-access-no-session,2026-05-02T04:20:48.103Z,0.365,6.379,0.024,0.587,175.144,0.224,4.629,4.040,6.413,2451.359,152.996,0.000,210.774,0.002,1.247,3012.109,0.006,117.186,0.000,0.008,7.506,0.001,0.002,0.005,0.002,0.019,126.170,3138.281,0xef1871e50561d0b217f79d80b90f43f0d3bfeb41e56831fff1e2e3290f5861d2,did:zkehr:zklogin:0xef1871e50561d0b217f79d80b90f43f0d3bfeb41e56831fff1e2e3290f5861d2,did:zkehr:hospital:hospital_B,GA5rJK7FciK6gxTM5nRvvjqDuNhPN4r8EvAMhvuBHeCd,0x35f95f057f25537a3c2843d412e152838479c70fa231e870e421ed65cbec4a5f,true,
83,zkehr-cross-access-no-session,2026-05-02T04:20:51.241Z,0.375,5.556,0.024,0.643,182.710,0.197,5.073,4.253,5.273,3217.109,84.465,0.000,192.162,0.002,1.139,3696.308,0.005,229.282,0.000,0.007,6.111,0.001,0.002,0.004,0.001,0.013,236.507,3932.816,0xef1871e50561d0b217f79d80b90f43f0d3bfeb41e56831fff1e2e3290f5861d2,did:zkehr:zklogin:0xef1871e50561d0b217f79d80b90f43f0d3bfeb41e56831fff1e2e3290f5861d2,did:zkehr:hospital:hospital_B,G3ereU4fXsG3VCdc88Qb1aTmt2mR2ZPwEL4RZRjeSExV,0xfe46d9fd90f65c96d40e6133f8d613eb3dc10c864a15d0caa2560a6d1404ecf7,true,
84,zkehr-cross-access-no-session,2026-05-02T04:20:55.174Z,0.357,5.433,0.025,0.539,178.577,0.217,6.485,5.696,4.688,3116.052,91.904,0.000,234.885,0.004,1.308,3642.060,0.006,198.042,0.000,0.007,6.781,0.001,0.002,0.004,0.002,0.015,206.035,3848.097,0xef1871e50561d0b217f79d80b90f43f0d3bfeb41e56831fff1e2e3290f5861d2,did:zkehr:zklogin:0xef1871e50561d0b217f79d80b90f43f0d3bfeb41e56831fff1e2e3290f5861d2,did:zkehr:hospital:hospital_B,EqZLqFoK1CnQNkVrQ8sPF1QaXkSRaE4EwSoviq3zK6q7,0xb4e745a54597dd257a2a3dce893f52533c320b22600a8e11f1c0d15cccd5dadd,true,
85,zkehr-cross-access-no-session,2026-05-02T04:20:59.022Z,0.361,22.448,0.027,0.541,184.731,0.217,4.553,3.900,4.860,3188.055,87.450,0.000,153.971,0.003,1.239,3650.033,0.006,255.156,0.000,0.007,6.477,0.001,0.002,0.004,0.001,0.013,262.871,3912.906,0xef1871e50561d0b217f79d80b90f43f0d3bfeb41e56831fff1e2e3290f5861d2,did:zkehr:zklogin:0xef1871e50561d0b217f79d80b90f43f0d3bfeb41e56831fff1e2e3290f5861d2,did:zkehr:hospital:hospital_B,ZFuQDQmMa1q6As21Lb38E1g6KDab8q9oq7L34PNQtcv,0x79917de9d5e7242452bd6c888a280042481d442c3984451bce9f64ac97cab15c,true,
86,zkehr-cross-access-no-session,2026-05-02T04:21:02.935Z,0.385,5.727,0.065,0.825,181.028,0.194,4.602,4.548,4.739,2397.860,97.796,0.000,173.272,0.003,1.341,2869.808,0.006,232.103,0.000,0.007,5.878,0.001,0.002,0.004,0.001,0.013,239.097,3108.907,0xef1871e50561d0b217f79d80b90f43f0d3bfeb41e56831fff1e2e3290f5861d2,did:zkehr:zklogin:0xef1871e50561d0b217f79d80b90f43f0d3bfeb41e56831fff1e2e3290f5861d2,did:zkehr:hospital:hospital_B,GM3jAZ362EZSuysmzEFn4WB6zjhKPaxUFEcwnDWgCBnY,0xbdec3685a8fb6992a382e91522be8cdceb3699ec3d9243a6fd7d8f51a352630c,true,
87,zkehr-cross-access-no-session,2026-05-02T04:21:06.044Z,0.357,8.619,0.022,0.536,180.869,0.215,4.623,4.067,5.041,2464.181,135.709,0.000,150.596,0.002,1.256,2953.686,0.006,232.146,0.000,0.007,7.320,0.001,0.001,0.004,0.001,0.014,240.638,3194.326,0xef1871e50561d0b217f79d80b90f43f0d3bfeb41e56831fff1e2e3290f5861d2,did:zkehr:zklogin:0xef1871e50561d0b217f79d80b90f43f0d3bfeb41e56831fff1e2e3290f5861d2,did:zkehr:hospital:hospital_B,GbSDsrdtghf2An5VCQadj8M84KtBcdXPdKCQrogYothR,0x5d0e74176c0446610fabc7a0fbf5954d092b8cdba72ab76d4ce6f0bf416a66df,true,
88,zkehr-cross-access-no-session,2026-05-02T04:21:09.238Z,0.427,5.358,0.026,0.577,187.720,0.227,5.566,4.776,5.390,3122.739,126.968,0.000,223.444,0.002,1.246,3681.255,0.006,313.197,0.000,0.007,6.966,0.001,0.002,0.004,0.001,0.016,321.285,4002.541,0xef1871e50561d0b217f79d80b90f43f0d3bfeb41e56831fff1e2e3290f5861d2,did:zkehr:zklogin:0xef1871e50561d0b217f79d80b90f43f0d3bfeb41e56831fff1e2e3290f5861d2,did:zkehr:hospital:hospital_B,AkadAhVzjiATqxuiHuJLYvzvxJ5dsaYAH4HLb798FW4J,0x8b4c992193e2a0f1b4a897133275661406cd703cc81c97665d2a48a96200930d,true,
89,zkehr-cross-access-no-session,2026-05-02T04:21:13.241Z,0.369,6.058,0.022,0.569,198.401,0.225,5.830,5.202,6.305,2395.362,84.270,0.000,216.852,0.003,1.076,2916.949,0.005,234.106,0.001,0.010,7.219,0.001,0.002,0.004,0.002,0.013,242.376,3159.326,0xef1871e50561d0b217f79d80b90f43f0d3bfeb41e56831fff1e2e3290f5861d2,did:zkehr:zklogin:0xef1871e50561d0b217f79d80b90f43f0d3bfeb41e56831fff1e2e3290f5861d2,did:zkehr:hospital:hospital_B,GSUs4dwDd8JzQM1PzAfwDvjUaMgVwyprw62wKqfBJpFk,0xfd521e97b2db49a09b985a8d1595a3b82edbf75752ee85aa12424c53a66842d9,true,
90,zkehr-cross-access-no-session,2026-05-02T04:21:16.400Z,0.408,5.045,0.023,0.528,191.167,0.226,6.277,5.908,4.960,2457.273,114.015,0.000,215.557,0.003,1.204,2998.343,0.007,172.611,0.000,0.008,6.120,0.001,0.002,0.005,0.002,0.020,179.926,3178.270,0xef1871e50561d0b217f79d80b90f43f0d3bfeb41e56831fff1e2e3290f5861d2,did:zkehr:zklogin:0xef1871e50561d0b217f79d80b90f43f0d3bfeb41e56831fff1e2e3290f5861d2,did:zkehr:hospital:hospital_B,G7PKGUtCtx7F1LdQgNt2JM5nPMSu2SqrPBRkEfN3BF5s,0xbad81e82d5c23cfd5e4b72fc350c1bd798ddecaa0b77b2f6194289c8b84c894e,true,
91,zkehr-cross-access-no-session,2026-05-02T04:21:19.579Z,0.363,5.780,0.022,0.538,163.069,0.217,4.962,4.419,6.224,2474.843,93.087,0.000,210.407,0.003,1.138,2962.207,0.005,172.270,0.000,0.007,5.622,0.001,0.002,0.004,0.001,0.013,179.022,3141.230,0xef1871e50561d0b217f79d80b90f43f0d3bfeb41e56831fff1e2e3290f5861d2,did:zkehr:zklogin:0xef1871e50561d0b217f79d80b90f43f0d3bfeb41e56831fff1e2e3290f5861d2,did:zkehr:hospital:hospital_B,GRsL3wokxQz88sFMZ5uHcgcqN3USSRbYne3oZ8XDzF2b,0x9315b77f1066433b394ae544ebbd2efc31c345b9582222f843146f53243df559,true,
92,zkehr-cross-access-no-session,2026-05-02T04:21:22.720Z,0.359,6.478,0.024,0.528,166.983,0.234,7.599,7.202,10.691,3134.302,128.415,0.000,234.916,0.019,1.500,3693.794,0.006,331.438,0.001,0.007,5.582,0.001,0.002,0.004,0.001,0.014,338.233,4032.029,0xef1871e50561d0b217f79d80b90f43f0d3bfeb41e56831fff1e2e3290f5861d2,did:zkehr:zklogin:0xef1871e50561d0b217f79d80b90f43f0d3bfeb41e56831fff1e2e3290f5861d2,did:zkehr:hospital:hospital_B,3A964c3QCiWnAwWxCnYZsX6Pg5ztVjyfVHh78FnpBr8n,0x8af834e436d7a9c09ba0f68da69bac91b7b7fe09fe65cccdf5b5b87928b52538,true,
93,zkehr-cross-access-no-session,2026-05-02T04:21:26.752Z,0.358,21.733,0.024,0.561,193.520,0.379,4.896,4.402,5.190,3171.024,109.092,0.000,262.453,0.003,1.178,3772.165,0.006,116.088,0.000,0.008,6.507,0.001,0.002,0.004,0.001,0.014,123.690,3895.856,0xef1871e50561d0b217f79d80b90f43f0d3bfeb41e56831fff1e2e3290f5861d2,did:zkehr:zklogin:0xef1871e50561d0b217f79d80b90f43f0d3bfeb41e56831fff1e2e3290f5861d2,did:zkehr:hospital:hospital_B,8hhsAwuLg4Xx12eR2DMEC3Dywee9JgSbRj9uDqpCHerq,0xe234e14e562b421081db062444bedb1d7d024ac7683f6bc64f4520fd3c3957fa,true,
94,zkehr-cross-access-no-session,2026-05-02T04:21:30.648Z,0.358,6.131,0.024,0.556,190.216,0.198,5.624,5.216,4.779,3035.723,83.358,0.000,217.531,0.002,1.283,3547.359,0.006,172.762,0.000,0.008,5.387,0.001,0.001,0.004,0.001,0.013,179.379,3726.740,0xef1871e50561d0b217f79d80b90f43f0d3bfeb41e56831fff1e2e3290f5861d2,did:zkehr:zklogin:0xef1871e50561d0b217f79d80b90f43f0d3bfeb41e56831fff1e2e3290f5861d2,did:zkehr:hospital:hospital_B,Ab8v2a42nWeLWUkjN1ZrBHpKvJ2RNfrdb8e7qDcym8xC,0x2d861e8ab32faf744b7d9cc73b4df85399c7b0ff89bfefc67874cfd9dca73d8b,true,
95,zkehr-cross-access-no-session,2026-05-02T04:21:34.375Z,0.363,5.120,0.024,0.594,201.799,0.206,5.204,4.622,4.853,2474.298,100.469,0.000,219.430,0.005,1.424,3015.355,0.006,173.825,0.000,0.007,6.112,0.001,0.002,0.004,0.001,0.012,181.159,3196.515,0xef1871e50561d0b217f79d80b90f43f0d3bfeb41e56831fff1e2e3290f5861d2,did:zkehr:zklogin:0xef1871e50561d0b217f79d80b90f43f0d3bfeb41e56831fff1e2e3290f5861d2,did:zkehr:hospital:hospital_B,Du5PzXjfvpcNuMdPhb6jSnAarPF9pYcoFwfbJhRBCxTx,0xfe2f6a9ff8ff85741ceccd778abe38c0cb63ae08f09ad9c56e6ebbdd50a9f3e2,true,
96,zkehr-cross-access-no-session,2026-05-02T04:21:37.571Z,0.399,5.250,0.024,0.568,182.925,0.228,5.814,5.178,6.852,3091.923,99.919,0.000,192.887,0.004,1.136,3589.542,0.006,174.425,0.000,0.008,6.779,0.001,0.002,0.004,0.001,0.015,182.288,3771.831,0xef1871e50561d0b217f79d80b90f43f0d3bfeb41e56831fff1e2e3290f5861d2,did:zkehr:zklogin:0xef1871e50561d0b217f79d80b90f43f0d3bfeb41e56831fff1e2e3290f5861d2,did:zkehr:hospital:hospital_B,HCFFgMFNFriUbVzB5thHPS7u8uivmzqaSH9qU7d7tC92,0x7730eecbe9f39cfd379f671e978101fa489b3ab9871236c6d9f76f812a12b4db,true,
97,zkehr-cross-access-no-session,2026-05-02T04:21:41.343Z,0.396,6.371,0.029,0.849,188.471,0.218,4.545,4.099,4.718,3172.812,116.343,0.000,193.303,0.002,1.206,3690.846,0.005,288.151,0.000,0.007,6.012,0.001,0.002,0.004,0.001,0.015,295.315,3986.161,0xef1871e50561d0b217f79d80b90f43f0d3bfeb41e56831fff1e2e3290f5861d2,did:zkehr:zklogin:0xef1871e50561d0b217f79d80b90f43f0d3bfeb41e56831fff1e2e3290f5861d2,did:zkehr:hospital:hospital_B,GaNHC452B3s8gdnrj5iLAfviRoHY1EgRKtnCDbhMsE6Q,0x6f45638efe7447053071b6cc23823053f3204dbf8a529c03a94936543355acbb,true,
98,zkehr-cross-access-no-session,2026-05-02T04:21:45.329Z,0.382,22.126,0.024,0.531,199.153,0.195,5.931,5.171,6.243,3155.965,107.684,0.000,181.882,0.002,1.203,3683.341,0.005,229.770,0.000,0.008,7.161,0.000,0.001,0.004,0.001,0.013,238.039,3921.382,0xef1871e50561d0b217f79d80b90f43f0d3bfeb41e56831fff1e2e3290f5861d2,did:zkehr:zklogin:0xef1871e50561d0b217f79d80b90f43f0d3bfeb41e56831fff1e2e3290f5861d2,did:zkehr:hospital:hospital_B,8kgDJh59PzYTBfCyEb5eQqreaYNnpSPLgV6fB3wAhjD6,0x83ad7d7f37dbfb4d20c615f729f296ea846505e168e615b9435c4eb52e2a7b5f,true,
99,zkehr-cross-access-no-session,2026-05-02T04:21:49.251Z,0.359,5.606,0.025,0.549,187.170,0.194,5.955,5.182,4.999,2379.549,90.527,0.000,222.413,0.003,1.077,2899.960,0.005,229.131,0.000,0.007,5.975,0.001,0.002,0.005,0.002,0.020,236.157,3136.118,0xef1871e50561d0b217f79d80b90f43f0d3bfeb41e56831fff1e2e3290f5861d2,did:zkehr:zklogin:0xef1871e50561d0b217f79d80b90f43f0d3bfeb41e56831fff1e2e3290f5861d2,did:zkehr:hospital:hospital_B,6ASKWBpHWcJ6ZL7zGTtBc2Q5rTyMLHuhhN9vGBRmy8kP,0x2333f1d79b56d083a4e32fe307d4447a00ebfa47390e8d2e39bcaeb762bad2d6,true,
100,zkehr-cross-access-no-session,2026-05-02T04:21:52.387Z,0.361,5.396,0.025,0.545,174.276,0.200,4.447,3.827,4.776,2445.125,162.425,0.000,210.051,0.003,1.405,3010.607,0.006,176.989,0.000,0.008,7.275,0.000,0.002,0.004,0.001,0.015,185.371,3195.980,0xef1871e50561d0b217f79d80b90f43f0d3bfeb41e56831fff1e2e3290f5861d2,did:zkehr:zklogin:0xef1871e50561d0b217f79d80b90f43f0d3bfeb41e56831fff1e2e3290f5861d2,did:zkehr:hospital:hospital_B,3VtnzEkzpr1LvZqgYeZ8G9TEhzFfnDUmESGQNyKdti25,0x6b540dd29dc9abd07fe1e8a3a140be039fa2ce2b713ce34bd7527252cfce6a96,true,
