run_id,mode,start_time_iso,tx_build_ms,zklogin_sig_assemble_ms,tx_submit_ms,object_extract_ms,local_store_ms,grant_total_ms,request_construct_ms,access_grant_query_ms,grant_object_parse_ms,patient_did_resolve_ms,hospital_b_did_resolve_ms,hospital_a_did_check_ms,status_check_ms,scope_check_ms,expiration_check_ms,access_session_create_ms,access_total_ms,total_ms,zklogin_address,patient_did,hospital_b_did,sui_tx_digest,access_grant_object_id,success,error_message
1,zkehr-cross-access,2026-05-02T02:50:06.299Z,131.467,0.000,167.828,0.023,1.215,302.739,0.046,128.774,0.001,0.081,22.463,0.001,0.003,0.042,0.002,0.029,152.268,455.009,0xef1871e50561d0b217f79d80b90f43f0d3bfeb41e56831fff1e2e3290f5861d2,did:zkehr:zklogin:0xef1871e50561d0b217f79d80b90f43f0d3bfeb41e56831fff1e2e3290f5861d2,did:zkehr:hospital:hospital_B,FSee9qPcG97TnXpQaFgU2kHemMKZtUGR4Q7DLL5KPWKo,0x44c49f6ea87e14a28b9f1894c5dee9198fb094fcf43107f9ff1e2b20e4944a71,true,
2,zkehr-cross-access,2026-05-02T02:50:06.754Z,127.064,0.000,191.089,0.003,0.861,323.145,0.011,230.116,0.001,0.052,5.484,0.001,0.002,0.031,0.002,0.023,236.733,559.879,0xef1871e50561d0b217f79d80b90f43f0d3bfeb41e56831fff1e2e3290f5861d2,did:zkehr:zklogin:0xef1871e50561d0b217f79d80b90f43f0d3bfeb41e56831fff1e2e3290f5861d2,did:zkehr:hospital:hospital_B,Bw5pe9zKBniJ9MX2ocaBdRnP7jhsManNoqTZ1UkSSxWj,0xf16e3c7f0d64d61209ff270367e3e8391ddd1a22f25106d67e2545c1056980e5,true,
3,zkehr-cross-access,2026-05-02T02:50:07.314Z,88.086,0.000,135.318,0.013,1.471,229.895,0.026,231.542,0.001,0.060,5.520,0.001,0.002,0.031,0.002,0.019,237.983,467.881,0xef1871e50561d0b217f79d80b90f43f0d3bfeb41e56831fff1e2e3290f5861d2,did:zkehr:zklogin:0xef1871e50561d0b217f79d80b90f43f0d3bfeb41e56831fff1e2e3290f5861d2,did:zkehr:hospital:hospital_B,P5p2Z42ggLePzTD8CRU1EGUxNZcaek6nroqaBkFnMfr,0x071306826e5134e7ddbffa20bdfe7e35a883e8565900bb717080e44fdd68f03e,true,
4,zkehr-cross-access,2026-05-02T02:50:07.782Z,80.450,0.000,195.377,0.003,0.793,280.578,0.012,117.634,0.001,0.015,6.032,0.001,0.005,0.005,0.002,0.015,124.481,405.062,0xef1871e50561d0b217f79d80b90f43f0d3bfeb41e56831fff1e2e3290f5861d2,did:zkehr:zklogin:0xef1871e50561d0b217f79d80b90f43f0d3bfeb41e56831fff1e2e3290f5861d2,did:zkehr:hospital:hospital_B,FB7EPQAAuWK6WmgEjCdczEWFShadnkxgzZ8GPMhEn5vu,0xf6917a617de4c09f1d958ec986005c2ded09da91c9a55065d20c9be9644d1d6f,true,
5,zkehr-cross-access,2026-05-02T02:50:08.187Z,86.828,0.001,148.183,0.003,0.805,239.114,0.014,173.524,0.004,0.016,5.426,0.002,0.004,0.006,0.003,0.015,179.821,418.941,0xef1871e50561d0b217f79d80b90f43f0d3bfeb41e56831fff1e2e3290f5861d2,did:zkehr:zklogin:0xef1871e50561d0b217f79d80b90f43f0d3bfeb41e56831fff1e2e3290f5861d2,did:zkehr:hospital:hospital_B,Eez8R6TnFkwXBViP2MK18zSyWEZg8sUCy1FrnRm5tyqM,0x98cd308529771d3fb72e6f0c341ba50c43a317e79b7197423766ce65bb1c25f8,true,
6,zkehr-cross-access,2026-05-02T02:50:08.606Z,79.675,0.000,207.750,0.003,0.818,290.540,0.010,125.729,0.000,0.012,5.386,0.002,0.005,0.009,0.003,0.017,132.166,422.708,0xef1871e50561d0b217f79d80b90f43f0d3bfeb41e56831fff1e2e3290f5861d2,did:zkehr:zklogin:0xef1871e50561d0b217f79d80b90f43f0d3bfeb41e56831fff1e2e3290f5861d2,did:zkehr:hospital:hospital_B,FwDBqxVbFXXjckAjdstLVB5dXVz2dvEUdRra8XHrTQNH,0xa3ea787db8c0d7bd9c68945341b808c17741c901bb124a27a9f1c712c6bca83a,true,
7,zkehr-cross-access,2026-05-02T02:50:09.029Z,97.652,0.000,133.521,0.003,0.831,234.385,0.006,196.486,0.000,0.013,4.598,0.001,0.003,0.010,0.002,0.011,201.865,436.251,0xef1871e50561d0b217f79d80b90f43f0d3bfeb41e56831fff1e2e3290f5861d2,did:zkehr:zklogin:0xef1871e50561d0b217f79d80b90f43f0d3bfeb41e56831fff1e2e3290f5861d2,did:zkehr:hospital:hospital_B,HKjXuoDD22wxwpEyhDhs398H4pSdKaXqnWZwhrkkvM37,0xe590c0e6c5c2dda214e71cc55550722fe2c162a92b6f81976cce223025f7474e,true,
8,zkehr-cross-access,2026-05-02T02:50:09.465Z,141.221,0.000,178.771,0.004,0.855,322.604,0.006,259.462,0.000,0.015,5.153,0.001,0.003,0.014,0.005,0.014,265.450,588.055,0xef1871e50561d0b217f79d80b90f43f0d3bfeb41e56831fff1e2e3290f5861d2,did:zkehr:zklogin:0xef1871e50561d0b217f79d80b90f43f0d3bfeb41e56831fff1e2e3290f5861d2,did:zkehr:hospital:hospital_B,4WDJbDvGSeKY3ek6Y5WaCuQgJhNu15y2vpgF4hkxvAdm,0xbe2ccbc0a3dfa34be8223cb2a67e71a57669da73ce81411157b3a75f0a672c2c,true,
9,zkehr-cross-access,2026-05-02T02:50:10.053Z,109.818,0.000,144.189,0.003,0.876,256.883,0.006,175.833,0.000,0.085,5.009,0.001,0.003,0.005,0.006,0.015,182.529,439.413,0xef1871e50561d0b217f79d80b90f43f0d3bfeb41e56831fff1e2e3290f5861d2,did:zkehr:zklogin:0xef1871e50561d0b217f79d80b90f43f0d3bfeb41e56831fff1e2e3290f5861d2,did:zkehr:hospital:hospital_B,E6Q1GwHphV9RQdNn3r3U2GJpo29EsUFr6X8nFkFV1tzg,0x6454b7da9de0bd418f5170eedb62b545cbf95ffcefb00ec521b47ec418dce6b3,true,
10,zkehr-cross-access,2026-05-02T02:50:10.493Z,78.484,0.000,154.743,0.003,0.890,235.971,0.008,165.953,0.000,0.018,4.900,0.003,0.004,0.003,0.001,0.014,171.635,407.607,0xef1871e50561d0b217f79d80b90f43f0d3bfeb41e56831fff1e2e3290f5861d2,did:zkehr:zklogin:0xef1871e50561d0b217f79d80b90f43f0d3bfeb41e56831fff1e2e3290f5861d2,did:zkehr:hospital:hospital_B,85hPpQztjsZQLehQmfU3nBhNaoa7MLevryRQ92NfcU2j,0xc071453a4234fd62296137e9c5bb32f2fc4750e88365c1bc581546e9da95490a,true,
11,zkehr-cross-access,2026-05-02T02:50:10.900Z,130.136,0.000,177.237,0.003,1.116,311.408,0.007,62.529,0.000,0.007,5.524,0.003,0.013,0.006,0.002,0.019,69.090,380.500,0xef1871e50561d0b217f79d80b90f43f0d3bfeb41e56831fff1e2e3290f5861d2,did:zkehr:zklogin:0xef1871e50561d0b217f79d80b90f43f0d3bfeb41e56831fff1e2e3290f5861d2,did:zkehr:hospital:hospital_B,7bwb8P5rvbomrBEaJ7JuLw6d8fshw6rfkZBT8S13TCKW,0x6d52023648d07166ecbe2ba7e09c2f843b77757e1e500740da7f1a9aece7413d,true,
12,zkehr-cross-access,2026-05-02T02:50:11.281Z,79.793,0.000,153.279,0.003,0.988,235.691,0.006,178.168,0.000,0.005,5.281,0.003,0.012,0.003,0.001,0.013,184.427,420.120,0xef1871e50561d0b217f79d80b90f43f0d3bfeb41e56831fff1e2e3290f5861d2,did:zkehr:zklogin:0xef1871e50561d0b217f79d80b90f43f0d3bfeb41e56831fff1e2e3290f5861d2,did:zkehr:hospital:hospital_B,JBdkSWLThp3PdANCU87pF6nA5C8tUqixJVcBrq3m7riU,0xcb928a31f048f41d13b72d79b051b472e3708a54f3e25019c2fee0f3724cc2ae,true,
13,zkehr-cross-access,2026-05-02T02:50:11.701Z,82.575,0.000,151.301,0.003,0.963,236.603,0.006,276.495,0.000,0.008,4.996,0.003,0.002,0.004,0.001,0.016,282.384,518.989,0xef1871e50561d0b217f79d80b90f43f0d3bfeb41e56831fff1e2e3290f5861d2,did:zkehr:zklogin:0xef1871e50561d0b217f79d80b90f43f0d3bfeb41e56831fff1e2e3290f5861d2,did:zkehr:hospital:hospital_B,3EcMngtKnQFzoyQFbDe87eEQ4XT7xQoRugRXvvLLprqX,0x5d4d3a2ec1510951e2f3731d362e52cb54112c0f6d7447d3c0099fcd74b3eee5,true,
14,zkehr-cross-access,2026-05-02T02:50:12.220Z,81.764,0.000,215.792,0.003,1.019,301.478,0.007,357.726,0.000,0.005,5.685,0.004,0.003,0.005,0.002,0.019,364.408,665.888,0xef1871e50561d0b217f79d80b90f43f0d3bfeb41e56831fff1e2e3290f5861d2,did:zkehr:zklogin:0xef1871e50561d0b217f79d80b90f43f0d3bfeb41e56831fff1e2e3290f5861d2,did:zkehr:hospital:hospital_B,5CBJUKXCoXaJS3NmZCVyCkEcqT1FWeeLS8yyvVmkDQBe,0x755427e9567979419ce0c2f2b8661ac093f3f0f93ada8a9ee911afada01cf855,true,
15,zkehr-cross-access,2026-05-02T02:50:12.886Z,79.901,0.000,125.848,0.003,0.983,208.405,0.007,125.239,0.000,0.004,5.224,0.003,0.002,0.003,0.001,0.012,132.372,340.779,0xef1871e50561d0b217f79d80b90f43f0d3bfeb41e56831fff1e2e3290f5861d2,did:zkehr:zklogin:0xef1871e50561d0b217f79d80b90f43f0d3bfeb41e56831fff1e2e3290f5861d2,did:zkehr:hospital:hospital_B,GupnFEpbWe8S4w2kcrhs2bYbSk37hWaNKH1w762HwKhJ,0x21360501fc3ac4a2e8f1f15c71dc8d7891fb9da56865114592e665d10aae29ee,true,
16,zkehr-cross-access,2026-05-02T02:50:13.227Z,83.243,0.000,201.875,0.003,0.930,287.788,0.006,121.067,0.000,0.004,5.493,0.002,0.003,0.005,0.002,0.018,127.777,415.566,0xef1871e50561d0b217f79d80b90f43f0d3bfeb41e56831fff1e2e3290f5861d2,did:zkehr:zklogin:0xef1871e50561d0b217f79d80b90f43f0d3bfeb41e56831fff1e2e3290f5861d2,did:zkehr:hospital:hospital_B,6xox2mhn83CnEcqSrkiKoDkfdDRQ1mbQrbR4kjBZxjvw,0xfd930cd056634f0ad19c7ee950bbc29c7b39e66beddfec509341fb513e4a38d5,true,
17,zkehr-cross-access,2026-05-02T02:50:13.643Z,78.206,0.000,207.104,0.003,0.973,289.101,0.007,121.556,0.000,0.005,5.038,0.001,0.002,0.004,0.001,0.012,127.538,416.641,0xef1871e50561d0b217f79d80b90f43f0d3bfeb41e56831fff1e2e3290f5861d2,did:zkehr:zklogin:0xef1871e50561d0b217f79d80b90f43f0d3bfeb41e56831fff1e2e3290f5861d2,did:zkehr:hospital:hospital_B,DZ6UjAYjUE6Dpc3WEBazffssffAwMbf8SNFpd5pX4M5q,0x7ab405393dfae595892bcb57ac0aff925ea94985e5adf572025a794d18c3d3c6,true,
18,zkehr-cross-access,2026-05-02T02:50:14.059Z,159.925,0.000,180.726,0.003,0.984,343.272,0.006,234.010,0.000,0.005,4.782,0.004,0.002,0.004,0.001,0.016,239.845,583.119,0xef1871e50561d0b217f79d80b90f43f0d3bfeb41e56831fff1e2e3290f5861d2,did:zkehr:zklogin:0xef1871e50561d0b217f79d80b90f43f0d3bfeb41e56831fff1e2e3290f5861d2,did:zkehr:hospital:hospital_B,HHhpNPunQiGjqAi5zzBcG2qZHW5FCvDR85o5H7pybsBE,0xb3414f8f8147e293ddda267b00a87d4ca6d647059be100ba797671bb05341203,true,
19,zkehr-cross-access,2026-05-02T02:50:14.643Z,90.988,0.000,136.154,0.012,1.018,230.902,0.007,175.639,0.001,0.009,6.331,0.003,0.002,0.004,0.001,0.011,182.931,413.835,0xef1871e50561d0b217f79d80b90f43f0d3bfeb41e56831fff1e2e3290f5861d2,did:zkehr:zklogin:0xef1871e50561d0b217f79d80b90f43f0d3bfeb41e56831fff1e2e3290f5861d2,did:zkehr:hospital:hospital_B,EpzaAsujeGwqLaK94JF732T3qzGifvyuBF6eXvuAh3xA,0xc84c95b7379a2e09fe085b86ad135e1251171cda8dee230d97664bfa7bc29b1b,true,
20,zkehr-cross-access,2026-05-02T02:50:15.056Z,88.161,0.000,195.450,0.004,1.039,286.487,0.006,124.911,0.001,0.008,5.889,0.001,0.002,0.004,0.001,0.012,131.665,418.154,0xef1871e50561d0b217f79d80b90f43f0d3bfeb41e56831fff1e2e3290f5861d2,did:zkehr:zklogin:0xef1871e50561d0b217f79d80b90f43f0d3bfeb41e56831fff1e2e3290f5861d2,did:zkehr:hospital:hospital_B,HPVL8cmpphgoj86Ax3mWaJcMk8SDv1gDWqXfwXoHhbJP,0xaf9daf46c27315333ab66191380e26b50ef94c36a90e05d863c9257f390d9957,true,
21,zkehr-cross-access,2026-05-02T02:50:15.475Z,81.382,0.000,202.482,0.003,0.962,286.765,0.009,120.317,0.000,0.005,4.931,0.001,0.001,0.010,0.001,0.014,126.107,412.874,0xef1871e50561d0b217f79d80b90f43f0d3bfeb41e56831fff1e2e3290f5861d2,did:zkehr:zklogin:0xef1871e50561d0b217f79d80b90f43f0d3bfeb41e56831fff1e2e3290f5861d2,did:zkehr:hospital:hospital_B,GU9SMkGj9tGCujgJKmp4EvFed2ER5UZbt5L5MAEgnPxH,0x3847b5cd88b3c2baad0387f4cc4d65e79f7b9d681e537379e54efe9239676b3a,true,
22,zkehr-cross-access,2026-05-02T02:50:15.888Z,97.719,0.000,234.190,0.004,1.092,334.580,0.008,117.989,0.001,0.008,5.549,0.001,0.002,0.004,0.001,0.012,124.290,458.871,0xef1871e50561d0b217f79d80b90f43f0d3bfeb41e56831fff1e2e3290f5861d2,did:zkehr:zklogin:0xef1871e50561d0b217f79d80b90f43f0d3bfeb41e56831fff1e2e3290f5861d2,did:zkehr:hospital:hospital_B,GHKnNWYEr7qUgFTi6pFLcn1Xm8yCuVTL5M3dLsyC1ACG,0xbcfea4c82932676cf8e8a4937522b442c5cba1820c360afb1e97d2d717d1db4b,true,
23,zkehr-cross-access,2026-05-02T02:50:16.347Z,89.824,0.000,208.264,0.003,1.064,301.081,0.008,118.725,0.000,0.005,5.084,0.001,0.001,0.003,0.001,0.012,124.898,425.981,0xef1871e50561d0b217f79d80b90f43f0d3bfeb41e56831fff1e2e3290f5861d2,did:zkehr:zklogin:0xef1871e50561d0b217f79d80b90f43f0d3bfeb41e56831fff1e2e3290f5861d2,did:zkehr:hospital:hospital_B,4mzY5goKkGvPnYowegSqfNp3wrHU91yScaSdBCYwUm6F,0x95796dfb0d557fe21f86c0994ade9a3230b90bac79ebca7a35a5944012ec64bb,true,
24,zkehr-cross-access,2026-05-02T02:50:16.773Z,94.885,0.000,269.499,0.003,1.187,367.709,0.010,61.932,0.000,0.006,5.328,0.001,0.002,0.005,0.002,0.017,68.619,436.330,0xef1871e50561d0b217f79d80b90f43f0d3bfeb41e56831fff1e2e3290f5861d2,did:zkehr:zklogin:0xef1871e50561d0b217f79d80b90f43f0d3bfeb41e56831fff1e2e3290f5861d2,did:zkehr:hospital:hospital_B,3oCnhvyhv5QzQCmHESwm5KHdvxCss9fwAT7FoNsfxB2f,0xca10f4e95fca1c909f8480b5317fd0cb86d901a93d3bf7dea6c67425413622cd,true,
25,zkehr-cross-access,2026-05-02T02:50:17.209Z,90.390,0.000,181.361,0.003,1.030,274.627,0.007,149.907,0.000,0.009,5.500,0.001,0.002,0.003,0.001,0.016,156.454,431.083,0xef1871e50561d0b217f79d80b90f43f0d3bfeb41e56831fff1e2e3290f5861d2,did:zkehr:zklogin:0xef1871e50561d0b217f79d80b90f43f0d3bfeb41e56831fff1e2e3290f5861d2,did:zkehr:hospital:hospital_B,4geKFakWUsjWWcByPoNKQ1ZBEaTrDQPt7R6jk4fHTiqN,0x00e1c75382af23b8bd27a7da74b3b79b24d6f00cfe0dbee5e03b7d5bb37fa3b2,true,
26,zkehr-cross-access,2026-05-02T02:50:17.640Z,112.312,0.000,200.492,0.003,1.024,315.474,0.007,272.675,0.000,0.005,5.008,0.001,0.002,0.004,0.001,0.013,278.664,594.140,0xef1871e50561d0b217f79d80b90f43f0d3bfeb41e56831fff1e2e3290f5861d2,did:zkehr:zklogin:0xef1871e50561d0b217f79d80b90f43f0d3bfeb41e56831fff1e2e3290f5861d2,did:zkehr:hospital:hospital_B,9aTACzH8bQXqhowtE5S8wUxpWPN6Rss7pn1rP49ahzP2,0xfd8f66030d7010eaf739ab21a4e5992021c9b3e7c5cae873ec868ee62ac82546,true,
27,zkehr-cross-access,2026-05-02T02:50:18.234Z,120.806,0.000,226.044,0.003,0.998,349.433,0.006,284.506,0.001,0.005,5.668,0.001,0.002,0.005,0.002,0.019,292.316,641.750,0xef1871e50561d0b217f79d80b90f43f0d3bfeb41e56831fff1e2e3290f5861d2,did:zkehr:zklogin:0xef1871e50561d0b217f79d80b90f43f0d3bfeb41e56831fff1e2e3290f5861d2,did:zkehr:hospital:hospital_B,DHNDe1qDXr7LHrcazHE3eULkynZzyz7GCkyywKkEgMpa,0xb67f3cd02a25480fc682c1dccb3ef4b594a4b39b78bfe4ef1669d96ce4a24bef,true,
28,zkehr-cross-access,2026-05-02T02:50:18.876Z,94.925,0.000,182.947,0.002,0.972,280.430,0.006,120.176,0.000,0.005,5.155,0.001,0.002,0.004,0.001,0.011,126.175,406.607,0xef1871e50561d0b217f79d80b90f43f0d3bfeb41e56831fff1e2e3290f5861d2,did:zkehr:zklogin:0xef1871e50561d0b217f79d80b90f43f0d3bfeb41e56831fff1e2e3290f5861d2,did:zkehr:hospital:hospital_B,8NG4gxo43xySEpUUwCqKFXHLGt2SLzjcZY4qj2RZhfwF,0xc3693a1290f4853a21744747303dacdd7b6bb97d1099a5a439e4be5696865911,true,
29,zkehr-cross-access,2026-05-02T02:50:19.283Z,82.772,0.000,210.080,0.004,1.025,295.424,0.006,117.896,0.000,0.005,4.669,0.001,0.002,0.003,0.001,0.014,123.619,419.044,0xef1871e50561d0b217f79d80b90f43f0d3bfeb41e56831fff1e2e3290f5861d2,did:zkehr:zklogin:0xef1871e50561d0b217f79d80b90f43f0d3bfeb41e56831fff1e2e3290f5861d2,did:zkehr:hospital:hospital_B,BMVzCYyCvLoAdbAr8LJQgacKpRHv5C8XDtMFq1KiWEWS,0x3e963acb549ffa98bf20db2fd9dab6efb8666d484fed28b0959f3ea1d04dc315,true,
30,zkehr-cross-access,2026-05-02T02:50:19.702Z,82.024,0.000,155.071,0.003,0.964,240.380,0.006,184.451,0.000,0.005,5.900,0.001,0.001,0.004,0.002,0.012,191.464,431.845,0xef1871e50561d0b217f79d80b90f43f0d3bfeb41e56831fff1e2e3290f5861d2,did:zkehr:zklogin:0xef1871e50561d0b217f79d80b90f43f0d3bfeb41e56831fff1e2e3290f5861d2,did:zkehr:hospital:hospital_B,9Bii1TYHDQDyvB4YCPik4rtKvW6PNk2e3y6Vfch3r7Mx,0xa5542ff677844bbf511c9ebb8d2c36c5d667bd5e6ab7882dffdefa2f3a59ef1e,true,
31,zkehr-cross-access,2026-05-02T02:50:20.134Z,89.916,0.000,185.816,0.002,1.060,278.358,0.007,117.628,0.001,0.005,5.547,0.001,0.002,0.004,0.002,0.017,124.338,402.698,0xef1871e50561d0b217f79d80b90f43f0d3bfeb41e56831fff1e2e3290f5861d2,did:zkehr:zklogin:0xef1871e50561d0b217f79d80b90f43f0d3bfeb41e56831fff1e2e3290f5861d2,did:zkehr:hospital:hospital_B,HFtMTQ9KU1zYEJyDnKSBccQ3w3QjwqcuLqoRwGTNXdnG,0x5c7413342558aec70cb5006e871f47e5f053603083ca8a2cf980f5f570d7ed03,true,
32,zkehr-cross-access,2026-05-02T02:50:20.537Z,91.077,0.000,199.756,0.003,1.024,293.425,0.006,120.328,0.000,0.005,5.344,0.001,0.002,0.005,0.002,0.020,126.816,420.243,0xef1871e50561d0b217f79d80b90f43f0d3bfeb41e56831fff1e2e3290f5861d2,did:zkehr:zklogin:0xef1871e50561d0b217f79d80b90f43f0d3bfeb41e56831fff1e2e3290f5861d2,did:zkehr:hospital:hospital_B,DFWEUFENEffgjAPk6AKNCDZq7qR8CkQkm8QFgFyr6Zrc,0xb30730fb846dea18b9f26c4b5927e11d03ede658de4e64c334cd0c4dc52b4be7,true,
33,zkehr-cross-access,2026-05-02T02:50:20.957Z,97.513,0.000,191.867,0.004,0.974,291.898,0.007,116.456,0.000,0.006,5.626,0.001,0.002,0.004,0.001,0.016,123.030,414.929,0xef1871e50561d0b217f79d80b90f43f0d3bfeb41e56831fff1e2e3290f5861d2,did:zkehr:zklogin:0xef1871e50561d0b217f79d80b90f43f0d3bfeb41e56831fff1e2e3290f5861d2,did:zkehr:hospital:hospital_B,9C3QLVvchDMbEsfh8xcevC4LeUujVN9vyCjbPUpTJFYb,0x3e421589f6e9220a2abed0e5bb7c1071f8204455fafa54f4534eccfe3ec594a6,true,
34,zkehr-cross-access,2026-05-02T02:50:21.372Z,86.331,0.000,208.448,0.004,1.153,297.511,0.007,117.977,0.000,0.005,5.346,0.001,0.001,0.004,0.001,0.011,124.366,421.878,0xef1871e50561d0b217f79d80b90f43f0d3bfeb41e56831fff1e2e3290f5861d2,did:zkehr:zklogin:0xef1871e50561d0b217f79d80b90f43f0d3bfeb41e56831fff1e2e3290f5861d2,did:zkehr:hospital:hospital_B,BCZMjKs2uRSHL5eLZVdMim6eYYD6PcxYzgamgHTXovZA,0x18486d45acd1360c0b371979ab5784bfde67b997a1f083417cedcf3168fef338,true,
35,zkehr-cross-access,2026-05-02T02:50:21.794Z,105.263,0.000,185.438,0.003,1.108,293.416,0.007,159.344,0.000,0.009,4.949,0.001,0.002,0.004,0.001,0.016,165.417,458.835,0xef1871e50561d0b217f79d80b90f43f0d3bfeb41e56831fff1e2e3290f5861d2,did:zkehr:zklogin:0xef1871e50561d0b217f79d80b90f43f0d3bfeb41e56831fff1e2e3290f5861d2,did:zkehr:hospital:hospital_B,C8qYuisGJKQezyGEiJb4dZXEf8hUUtApWeeqU16sFQDw,0x4ede3558c14695a5eda1ad52bc943448a9d37bcb5140ae1ae780eb10a1d1a4be,true,
36,zkehr-cross-access,2026-05-02T02:50:22.253Z,80.511,0.000,226.613,0.003,0.906,309.585,0.006,229.576,0.000,0.005,6.177,0.001,0.002,0.004,0.001,0.014,236.582,546.168,0xef1871e50561d0b217f79d80b90f43f0d3bfeb41e56831fff1e2e3290f5861d2,did:zkehr:zklogin:0xef1871e50561d0b217f79d80b90f43f0d3bfeb41e56831fff1e2e3290f5861d2,did:zkehr:hospital:hospital_B,3qwjf9UPZG4CZoGWs8PqCTWCTv9EBDJCxeRr18TzvnTG,0x05ab2a2de6e6f4e5984a770b52c7757e684a343bd62016fff88c8275f3924e68,true,
37,zkehr-cross-access,2026-05-02T02:50:22.799Z,93.827,0.000,186.549,0.003,0.991,282.923,0.006,181.009,0.000,0.005,4.694,0.001,0.002,0.004,0.001,0.015,186.572,469.497,0xef1871e50561d0b217f79d80b90f43f0d3bfeb41e56831fff1e2e3290f5861d2,did:zkehr:zklogin:0xef1871e50561d0b217f79d80b90f43f0d3bfeb41e56831fff1e2e3290f5861d2,did:zkehr:hospital:hospital_B,55Pf6aQV9iW4YWG14KiM8yoAc9JDaGuSJUaxeNKRDp6Z,0x43a5bc794d0bce3fc968a5a38e5228999bea89bee539e9d311d816143ebb08fd,true,
38,zkehr-cross-access,2026-05-02T02:50:23.269Z,93.673,0.000,187.218,0.003,0.904,283.342,0.006,117.810,0.000,0.005,5.111,0.001,0.001,0.003,0.001,0.013,123.783,407.127,0xef1871e50561d0b217f79d80b90f43f0d3bfeb41e56831fff1e2e3290f5861d2,did:zkehr:zklogin:0xef1871e50561d0b217f79d80b90f43f0d3bfeb41e56831fff1e2e3290f5861d2,did:zkehr:hospital:hospital_B,FUHt64gg6n8xjWgXXWovXS23zyH3kzbDfhYdRw29j3Nr,0xa79c16b7c8ff05898b8dc9bd38c1fe4dcde5e62fe6ae55027c5921a395779744,true,
39,zkehr-cross-access,2026-05-02T02:50:23.676Z,79.589,0.000,212.616,0.003,0.897,294.677,0.006,150.604,0.000,0.005,5.103,0.001,0.002,0.004,0.001,0.010,156.565,451.244,0xef1871e50561d0b217f79d80b90f43f0d3bfeb41e56831fff1e2e3290f5861d2,did:zkehr:zklogin:0xef1871e50561d0b217f79d80b90f43f0d3bfeb41e56831fff1e2e3290f5861d2,did:zkehr:hospital:hospital_B,5FwxoF3jChzsKGEDuoGhjY5j6fukieti8zVGbpt2MPaA,0xfea5717103866eabeee9d0f6797b800b373a1cb088d22d8e7da019ccdf52dd37,true,
40,zkehr-cross-access,2026-05-02T02:50:24.127Z,95.031,0.000,230.397,0.003,1.107,328.145,0.006,248.623,0.000,0.006,5.168,0.000,0.002,0.004,0.001,0.014,254.863,583.010,0xef1871e50561d0b217f79d80b90f43f0d3bfeb41e56831fff1e2e3290f5861d2,did:zkehr:zklogin:0xef1871e50561d0b217f79d80b90f43f0d3bfeb41e56831fff1e2e3290f5861d2,did:zkehr:hospital:hospital_B,BxjnZScpmQ1TCfUS53fcpb4VZjqEDW6GqbpPW9aLk63v,0x0c5318e4ec6e875e7f850cf5dfda304bf56771313db56c91c018467aeffb1e03,true,
41,zkehr-cross-access,2026-05-02T02:50:24.710Z,85.163,0.000,223.686,0.004,1.127,311.793,0.006,118.634,0.001,0.005,5.178,0.001,0.002,0.004,0.001,0.015,124.875,436.669,0xef1871e50561d0b217f79d80b90f43f0d3bfeb41e56831fff1e2e3290f5861d2,did:zkehr:zklogin:0xef1871e50561d0b217f79d80b90f43f0d3bfeb41e56831fff1e2e3290f5861d2,did:zkehr:hospital:hospital_B,DWkAzpt7x8z5buu6pNP816LwU5M8sEpKAA2WuX2kEyuP,0x26e927e20671467e23bf76adc322e8ab40980bdd5f9810906e2ff4bdea450e77,true,
42,zkehr-cross-access,2026-05-02T02:50:25.147Z,83.310,0.001,216.656,0.012,1.023,303.241,0.006,62.147,0.001,0.009,5.002,0.001,0.001,0.004,0.001,0.012,68.069,371.312,0xef1871e50561d0b217f79d80b90f43f0d3bfeb41e56831fff1e2e3290f5861d2,did:zkehr:zklogin:0xef1871e50561d0b217f79d80b90f43f0d3bfeb41e56831fff1e2e3290f5861d2,did:zkehr:hospital:hospital_B,AS9xwdX6uE5ZvQPZF84PNfiwmZd6vcikDUMAFULTWZJN,0xe736471281b93b160cba862cbc57173abf7403a1eae0b8391f78ee7561fb9fd7,true,
43,zkehr-cross-access,2026-05-02T02:50:25.518Z,80.532,0.000,151.288,0.003,1.085,234.456,0.006,174.686,0.000,0.005,5.201,0.001,0.001,0.003,0.002,0.013,180.852,415.310,0xef1871e50561d0b217f79d80b90f43f0d3bfeb41e56831fff1e2e3290f5861d2,did:zkehr:zklogin:0xef1871e50561d0b217f79d80b90f43f0d3bfeb41e56831fff1e2e3290f5861d2,did:zkehr:hospital:hospital_B,EqBLu6PT7SHxYCgAjxP5azRyKDWK2S41udgUgfJ3rgVe,0x3e992767c92c45d749e80b0a57e70d551f1cebf803a3f31e31acca026939993d,true,
44,zkehr-cross-access,2026-05-02T02:50:25.934Z,81.446,0.000,206.290,0.003,1.045,290.313,0.007,174.574,0.000,0.032,4.765,0.001,0.002,0.004,0.001,0.013,180.394,470.710,0xef1871e50561d0b217f79d80b90f43f0d3bfeb41e56831fff1e2e3290f5861d2,did:zkehr:zklogin:0xef1871e50561d0b217f79d80b90f43f0d3bfeb41e56831fff1e2e3290f5861d2,did:zkehr:hospital:hospital_B,FxXrnvPGdn4CooMmevBVc2JxUfweAfV7GUzGVsBNq4D2,0x4626b07c87c4759a07bc8eb93b7277b5a8e7d27d99dd1611fd48ce543efb1657,true,
45,zkehr-cross-access,2026-05-02T02:50:26.404Z,96.839,0.000,190.132,0.004,1.314,290.208,0.008,118.168,0.001,0.009,5.348,0.001,0.001,0.004,0.001,0.015,124.641,414.851,0xef1871e50561d0b217f79d80b90f43f0d3bfeb41e56831fff1e2e3290f5861d2,did:zkehr:zklogin:0xef1871e50561d0b217f79d80b90f43f0d3bfeb41e56831fff1e2e3290f5861d2,did:zkehr:hospital:hospital_B,HZixyPxQi836sRtf4WtvmpipXpPAFuGSYwLiF9s47djd,0xea5e61b782d5b4d13df3d835fe8602adfca0f14a643f9409e77ac7850d1cb57e,true,
46,zkehr-cross-access,2026-05-02T02:50:26.819Z,84.310,0.000,157.687,0.002,1.315,245.202,0.007,174.267,0.001,0.006,4.834,0.001,0.007,0.005,0.002,0.022,180.599,425.802,0xef1871e50561d0b217f79d80b90f43f0d3bfeb41e56831fff1e2e3290f5861d2,did:zkehr:zklogin:0xef1871e50561d0b217f79d80b90f43f0d3bfeb41e56831fff1e2e3290f5861d2,did:zkehr:hospital:hospital_B,8WJfQcT2xMbKJf2TWk5XByKH4xm17aZqJi6NustyMrWx,0xae3facbdc070f37b9df2150acc43f78c2b19c8ba4262ac5f8365bc18041e8ccf,true,
47,zkehr-cross-access,2026-05-02T02:50:27.245Z,84.458,0.000,203.120,0.002,1.171,290.597,0.007,116.906,0.001,0.008,4.993,0.001,0.001,0.004,0.001,0.014,123.015,413.613,0xef1871e50561d0b217f79d80b90f43f0d3bfeb41e56831fff1e2e3290f5861d2,did:zkehr:zklogin:0xef1871e50561d0b217f79d80b90f43f0d3bfeb41e56831fff1e2e3290f5861d2,did:zkehr:hospital:hospital_B,EPgyjE6rVPR1zQareHq5JmCneivyTf5oqkQUhvfXzoPg,0xe3c583ab109391b4ec16595789c4ce6773e69229d3cb08c50f1ad9a245c4d40d,true,
48,zkehr-cross-access,2026-05-02T02:50:27.659Z,92.689,0.000,152.560,0.002,1.066,247.889,0.006,173.568,0.000,0.005,5.184,0.001,0.001,0.004,0.001,0.040,179.832,427.722,0xef1871e50561d0b217f79d80b90f43f0d3bfeb41e56831fff1e2e3290f5861d2,did:zkehr:zklogin:0xef1871e50561d0b217f79d80b90f43f0d3bfeb41e56831fff1e2e3290f5861d2,did:zkehr:hospital:hospital_B,7AcVUAVfYg2n4aHyexFHFNSuGpBi3oXcBwaBuKXZFu53,0x66ad2d9947cd80f7cf41889339f1204e407aaa59ba5dc4ea65a2f5f9d3be1677,true,
49,zkehr-cross-access,2026-05-02T02:50:28.087Z,87.512,0.000,196.811,0.003,1.132,287.291,0.006,190.469,0.001,0.008,6.157,0.001,0.001,0.004,0.001,0.014,197.642,484.935,0xef1871e50561d0b217f79d80b90f43f0d3bfeb41e56831fff1e2e3290f5861d2,did:zkehr:zklogin:0xef1871e50561d0b217f79d80b90f43f0d3bfeb41e56831fff1e2e3290f5861d2,did:zkehr:hospital:hospital_B,3FfMyGTE1H1mKtxKeoFPfc69kVhR92p4xqwEsNZt898g,0xb91359884afc9d33cb0461a31ce5b37b3fee006b4eac17be81381226db284870,true,
50,zkehr-cross-access,2026-05-02T02:50:28.572Z,81.521,0.000,191.655,0.003,1.199,275.924,0.008,233.673,0.001,0.009,5.667,0.001,0.001,0.003,0.001,0.014,240.485,516.410,0xef1871e50561d0b217f79d80b90f43f0d3bfeb41e56831fff1e2e3290f5861d2,did:zkehr:zklogin:0xef1871e50561d0b217f79d80b90f43f0d3bfeb41e56831fff1e2e3290f5861d2,did:zkehr:hospital:hospital_B,6Fi8Ham7xX3V27YMhVaYh3Bx87X7F6Vkm5S3gZ5uy5Dg,0x33bc8223d36878dc33afd2924ff2cca09babd9e55ccc550a331fac1964fb905d,true,
51,zkehr-cross-access,2026-05-02T02:50:29.088Z,91.205,0.000,184.786,0.002,1.112,278.987,0.006,175.677,0.000,0.005,5.154,0.001,0.002,0.005,0.001,0.015,181.993,460.982,0xef1871e50561d0b217f79d80b90f43f0d3bfeb41e56831fff1e2e3290f5861d2,did:zkehr:zklogin:0xef1871e50561d0b217f79d80b90f43f0d3bfeb41e56831fff1e2e3290f5861d2,did:zkehr:hospital:hospital_B,FdHEddx6cbXHjxBSskZtpD7masDhs6X9NAR9hTmqVQQZ,0xadccaa4770169a7937779ecfec915dbe729742e6de8ca12cd1dfdda7c9f296c3,true,
52,zkehr-cross-access,2026-05-02T02:50:29.549Z,79.820,0.000,206.802,0.003,1.185,289.726,0.011,117.652,0.000,0.006,4.838,0.001,0.001,0.004,0.001,0.012,123.749,413.477,0xef1871e50561d0b217f79d80b90f43f0d3bfeb41e56831fff1e2e3290f5861d2,did:zkehr:zklogin:0xef1871e50561d0b217f79d80b90f43f0d3bfeb41e56831fff1e2e3290f5861d2,did:zkehr:hospital:hospital_B,E7jS1bpv1c8iHehE45oxw5fyGtUtpbZh8pxMYaoZjzw8,0x60214d5a6ce82e656f1861c123b27140a0f809d2906d929d26f222a61bbb3449,true,
53,zkehr-cross-access,2026-05-02T02:50:29.963Z,87.310,0.000,203.815,0.003,1.106,294.102,0.006,122.138,0.000,0.005,4.728,0.001,0.002,0.004,0.001,0.012,127.829,421.932,0xef1871e50561d0b217f79d80b90f43f0d3bfeb41e56831fff1e2e3290f5861d2,did:zkehr:zklogin:0xef1871e50561d0b217f79d80b90f43f0d3bfeb41e56831fff1e2e3290f5861d2,did:zkehr:hospital:hospital_B,7LvzoQ6WCj5aN5jqMmnQbUb9jR5SjxDpy4t6BEUdcK66,0xdee297a5f8983ff6499f05a221bae3fc6761202a53b660534122df01b2b9181b,true,
54,zkehr-cross-access,2026-05-02T02:50:30.385Z,85.719,0.000,150.192,0.003,1.149,238.625,0.007,176.460,0.000,0.006,4.895,0.001,0.001,0.004,0.001,0.014,182.554,421.181,0xef1871e50561d0b217f79d80b90f43f0d3bfeb41e56831fff1e2e3290f5861d2,did:zkehr:zklogin:0xef1871e50561d0b217f79d80b90f43f0d3bfeb41e56831fff1e2e3290f5861d2,did:zkehr:hospital:hospital_B,CyK15aBEAs4Xxizhwn4cUEAbmcPx9wcXRXtacN2pcn55,0xd11445bc07fcdc49a5fdc1092e69c1720fff76936d75c51de67d221d45856034,true,
55,zkehr-cross-access,2026-05-02T02:50:30.806Z,92.738,0.000,192.610,0.008,1.126,287.998,0.007,119.775,0.000,0.006,4.755,0.001,0.002,0.004,0.002,0.018,125.687,413.687,0xef1871e50561d0b217f79d80b90f43f0d3bfeb41e56831fff1e2e3290f5861d2,did:zkehr:zklogin:0xef1871e50561d0b217f79d80b90f43f0d3bfeb41e56831fff1e2e3290f5861d2,did:zkehr:hospital:hospital_B,KPCefho7zSTQaZULooM1EMsqup8zcRzH2aweTdDeD7J,0x24d0546c8d3fd6b1855e2eddaa62c2ce1c1c358d096b905fed81d63c5ad9eb52,true,
56,zkehr-cross-access,2026-05-02T02:50:31.220Z,82.342,0.000,223.173,0.003,1.154,308.304,0.007,135.319,0.000,0.005,5.074,0.001,0.001,0.004,0.001,0.014,141.498,449.803,0xef1871e50561d0b217f79d80b90f43f0d3bfeb41e56831fff1e2e3290f5861d2,did:zkehr:zklogin:0xef1871e50561d0b217f79d80b90f43f0d3bfeb41e56831fff1e2e3290f5861d2,did:zkehr:hospital:hospital_B,B2o6jd1orcy2bEDmvpbTn8LgKYLvMietwKthKKDqVuzZ,0x1dc8b233a6207e3f4989a1e6fb440ebca9780a2cafe5ca08da763ce6cff56213,true,
57,zkehr-cross-access,2026-05-02T02:50:31.670Z,96.581,0.000,180.697,0.003,1.213,280.059,0.007,61.725,0.000,0.006,5.571,0.001,0.001,0.004,0.001,0.013,68.400,348.460,0xef1871e50561d0b217f79d80b90f43f0d3bfeb41e56831fff1e2e3290f5861d2,did:zkehr:zklogin:0xef1871e50561d0b217f79d80b90f43f0d3bfeb41e56831fff1e2e3290f5861d2,did:zkehr:hospital:hospital_B,EEoRsrU83K3uVsJ1pfgTrwhqFMRBoEkbnBMVu1ymjZ7L,0xe3885c84fe380cf7c9f22840b96cd00b420109bc553db220fca69c850d43c5ec,true,
58,zkehr-cross-access,2026-05-02T02:50:32.018Z,83.708,0.000,199.665,0.003,1.315,286.289,0.007,203.597,0.000,0.005,5.777,0.001,0.002,0.004,0.002,0.014,210.527,496.817,0xef1871e50561d0b217f79d80b90f43f0d3bfeb41e56831fff1e2e3290f5861d2,did:zkehr:zklogin:0xef1871e50561d0b217f79d80b90f43f0d3bfeb41e56831fff1e2e3290f5861d2,did:zkehr:hospital:hospital_B,7nY2HHYuBXdxVFPWx2PnjJHJqscttqUA8HGzVKgDFHG6,0x1edcab657c4781a8842383df3e78a167e2c2d0e4772ebeeb369b4c53e07d5ce8,true,
59,zkehr-cross-access,2026-05-02T02:50:32.515Z,87.751,0.000,237.576,0.003,1.239,328.199,0.008,270.229,0.000,0.006,5.867,0.001,0.001,0.004,0.001,0.015,277.133,605.334,0xef1871e50561d0b217f79d80b90f43f0d3bfeb41e56831fff1e2e3290f5861d2,did:zkehr:zklogin:0xef1871e50561d0b217f79d80b90f43f0d3bfeb41e56831fff1e2e3290f5861d2,did:zkehr:hospital:hospital_B,Coh211refq7R6RCjVhY9Xuk5iUk4jNgkmJey7bHv2WD2,0x93f73fb380ea05b3777e46c07c033565b166b53a18a1894a464481a2af1adff4,true,
60,zkehr-cross-access,2026-05-02T02:50:33.120Z,100.706,0.000,178.406,0.002,1.021,281.751,0.006,119.094,0.001,0.008,5.363,0.001,0.001,0.003,0.001,0.013,125.405,407.158,0xef1871e50561d0b217f79d80b90f43f0d3bfeb41e56831fff1e2e3290f5861d2,did:zkehr:zklogin:0xef1871e50561d0b217f79d80b90f43f0d3bfeb41e56831fff1e2e3290f5861d2,did:zkehr:hospital:hospital_B,J21nQv1MzZq6XW5N3yBaRCKu1CWcDUC5c8XDnPdtWLmJ,0x6872ef581abc761ada92838e551d0a1f5f250319b121e7dd1c51bdd5f6a5cb6c,true,
61,zkehr-cross-access,2026-05-02T02:50:33.528Z,81.661,0.000,156.329,0.003,1.211,240.832,0.007,174.824,0.000,0.007,5.213,0.001,0.002,0.004,0.001,0.044,180.962,421.796,0xef1871e50561d0b217f79d80b90f43f0d3bfeb41e56831fff1e2e3290f5861d2,did:zkehr:zklogin:0xef1871e50561d0b217f79d80b90f43f0d3bfeb41e56831fff1e2e3290f5861d2,did:zkehr:hospital:hospital_B,BQiK2BsZTAfKvq83nvbJUugytEv7irnPJFEqihtSck1u,0x13e0efab9ceddab3d105725fdb3600c54899cbb5f45cd080a15df3a2c458d490,true,
62,zkehr-cross-access,2026-05-02T02:50:33.949Z,153.184,0.000,135.584,0.003,1.099,291.382,0.008,121.230,0.000,0.006,4.676,0.001,0.002,0.004,0.001,0.011,127.035,418.419,0xef1871e50561d0b217f79d80b90f43f0d3bfeb41e56831fff1e2e3290f5861d2,did:zkehr:zklogin:0xef1871e50561d0b217f79d80b90f43f0d3bfeb41e56831fff1e2e3290f5861d2,did:zkehr:hospital:hospital_B,EWMzj472nJYq6oGDaN9dbu5erHRGMiyVu9cKHkhE3Lqc,0x78612f2517f4e1a968544e3cf8d2ac407fe853f6be35cc83fd9d6c47bc82fdb9,true,
63,zkehr-cross-access,2026-05-02T02:50:34.368Z,80.536,0.000,156.148,0.002,1.270,239.540,0.007,126.303,0.000,0.005,6.794,0.001,0.001,0.003,0.001,0.011,134.052,373.594,0xef1871e50561d0b217f79d80b90f43f0d3bfeb41e56831fff1e2e3290f5861d2,did:zkehr:zklogin:0xef1871e50561d0b217f79d80b90f43f0d3bfeb41e56831fff1e2e3290f5861d2,did:zkehr:hospital:hospital_B,zgzcYKuittYjf4ojSWGbmM81gLKgRydbat4HrYQw9Xv,0x58455c41088f8a3e3db755cbc5e1745d829cfc885d49d53bae09a945c9221167,true,
64,zkehr-cross-access,2026-05-02T02:50:34.742Z,83.481,0.000,145.769,0.003,0.981,231.788,0.006,244.327,0.000,0.007,8.079,0.001,0.001,0.004,0.001,0.016,253.456,485.246,0xef1871e50561d0b217f79d80b90f43f0d3bfeb41e56831fff1e2e3290f5861d2,did:zkehr:zklogin:0xef1871e50561d0b217f79d80b90f43f0d3bfeb41e56831fff1e2e3290f5861d2,did:zkehr:hospital:hospital_B,FBd7hgz2UxwV3FjBrj2mh7fbRsYiQUeAaUHdL3XRnaFb,0x440f646e62bca6d961d7a2283bca3868612e429032c8d328e0830040e07b8b60,true,
65,zkehr-cross-access,2026-05-02T02:50:35.227Z,84.253,0.000,259.451,0.003,1.189,346.466,0.007,60.721,0.000,0.005,4.678,0.001,0.002,0.004,0.001,0.012,66.568,413.035,0xef1871e50561d0b217f79d80b90f43f0d3bfeb41e56831fff1e2e3290f5861d2,did:zkehr:zklogin:0xef1871e50561d0b217f79d80b90f43f0d3bfeb41e56831fff1e2e3290f5861d2,did:zkehr:hospital:hospital_B,8B1KduqYcHapKUHxcjvv2rSMR7WjRzenNaT5jVbn2ePM,0x596f16e766deb2104ce70c96bec82f339c903d0620d45f39bce64d6ff810b9e6,true,
66,zkehr-cross-access,2026-05-02T02:50:35.640Z,93.055,0.000,283.476,0.003,1.008,379.203,0.006,74.224,0.001,0.008,38.174,0.001,0.001,0.004,0.001,0.013,113.320,492.525,0xef1871e50561d0b217f79d80b90f43f0d3bfeb41e56831fff1e2e3290f5861d2,did:zkehr:zklogin:0xef1871e50561d0b217f79d80b90f43f0d3bfeb41e56831fff1e2e3290f5861d2,did:zkehr:hospital:hospital_B,4ZhPeEBcCBxJCvnJXM73keRjReT4UJSVUVSmgWK6VGr6,0x20e79e036adb254978d2c619fd74cbbd662dc2df89b8a8f36e65ace2ba09b2de,true,
67,zkehr-cross-access,2026-05-02T02:50:36.133Z,143.855,0.000,211.699,0.003,1.111,358.245,0.007,186.155,0.000,0.006,4.696,0.001,0.002,0.004,0.001,0.014,191.976,550.224,0xef1871e50561d0b217f79d80b90f43f0d3bfeb41e56831fff1e2e3290f5861d2,did:zkehr:zklogin:0xef1871e50561d0b217f79d80b90f43f0d3bfeb41e56831fff1e2e3290f5861d2,did:zkehr:hospital:hospital_B,G4UcXFJc6bnmatTykzbP6NH24cSdtwToDVPwVnrTi8nC,0x149d68bfdb454c08d4769757e17b7b63838cd7bc8a69c1c1268cf1bb0338f327,true,
68,zkehr-cross-access,2026-05-02T02:50:36.683Z,76.742,0.000,205.442,0.003,1.184,284.865,0.007,117.477,0.000,0.006,4.574,0.001,0.001,0.004,0.001,0.013,123.165,408.032,0xef1871e50561d0b217f79d80b90f43f0d3bfeb41e56831fff1e2e3290f5861d2,did:zkehr:zklogin:0xef1871e50561d0b217f79d80b90f43f0d3bfeb41e56831fff1e2e3290f5861d2,did:zkehr:hospital:hospital_B,Ajf3uEdV8jRiFWFtwQjTiya4uRNnnmSz8KAWJDxjhZWA,0x14f89572452d2434af8a17c3f92095392fa7b08957c104cb37f729e1d578f7a2,true,
69,zkehr-cross-access,2026-05-02T02:50:37.091Z,129.580,0.000,223.879,0.003,1.254,356.254,0.007,227.677,0.001,0.006,5.275,0.001,0.002,0.005,0.002,0.019,234.256,590.512,0xef1871e50561d0b217f79d80b90f43f0d3bfeb41e56831fff1e2e3290f5861d2,did:zkehr:zklogin:0xef1871e50561d0b217f79d80b90f43f0d3bfeb41e56831fff1e2e3290f5861d2,did:zkehr:hospital:hospital_B,Hrmo3XmA28gjv4iBBhrh5yVA45se5VX56ufY3YG6cXgp,0x73cc504249d3db1d68b7281a900fd097767d4d821d1ab00d6c49b551fb61ebbf,true,
70,zkehr-cross-access,2026-05-02T02:50:37.682Z,97.079,0.000,222.858,0.009,1.225,322.772,0.006,116.413,0.001,0.009,5.871,0.001,0.001,0.004,0.001,0.011,123.349,446.123,0xef1871e50561d0b217f79d80b90f43f0d3bfeb41e56831fff1e2e3290f5861d2,did:zkehr:zklogin:0xef1871e50561d0b217f79d80b90f43f0d3bfeb41e56831fff1e2e3290f5861d2,did:zkehr:hospital:hospital_B,5bwYuViphL82xyh88AJT8VE4vVv5hXEF28L95PiD3Qrd,0x6fbd29765be6ec5977134a3c328bb89dc22878f84d45629ed3ffe7f6e993c1d1,true,
71,zkehr-cross-access,2026-05-02T02:50:38.128Z,86.790,0.000,205.396,0.002,1.155,294.856,0.006,116.793,0.000,0.006,5.282,0.001,0.002,0.004,0.001,0.014,123.250,418.107,0xef1871e50561d0b217f79d80b90f43f0d3bfeb41e56831fff1e2e3290f5861d2,did:zkehr:zklogin:0xef1871e50561d0b217f79d80b90f43f0d3bfeb41e56831fff1e2e3290f5861d2,did:zkehr:hospital:hospital_B,8GRekN6SizStQJTAHi3WDEToCZBr5zafPp3stasMQeXG,0xe9e1e9e8f229d626e288aa4c07142a3ee475a1c67128d10902cabf79e3efead5,true,
72,zkehr-cross-access,2026-05-02T02:50:38.546Z,82.075,0.000,210.325,0.003,1.132,295.089,0.006,180.267,0.001,0.009,4.770,0.001,0.001,0.003,0.001,0.012,186.104,481.194,0xef1871e50561d0b217f79d80b90f43f0d3bfeb41e56831fff1e2e3290f5861d2,did:zkehr:zklogin:0xef1871e50561d0b217f79d80b90f43f0d3bfeb41e56831fff1e2e3290f5861d2,did:zkehr:hospital:hospital_B,HktRtBzngPXLVdjHeCchuM4qwayr37pf8G19XihGgc8J,0xd4dc9a98ea79ab2d1d2285b6165e304d611e841aebccf28f050dc37ee9da73cc,true,
73,zkehr-cross-access,2026-05-02T02:50:39.027Z,110.048,0.000,181.826,0.002,1.173,294.594,0.007,277.280,0.000,0.007,6.044,0.001,0.002,0.005,0.002,0.020,284.671,579.266,0xef1871e50561d0b217f79d80b90f43f0d3bfeb41e56831fff1e2e3290f5861d2,did:zkehr:zklogin:0xef1871e50561d0b217f79d80b90f43f0d3bfeb41e56831fff1e2e3290f5861d2,did:zkehr:hospital:hospital_B,GHBfkXfeq2ViAnb5Trm9cu8FvyyE6942LDdGskdjQQv8,0x0fa8e4d1224f098970b078aea5ab3b6bea5362608339766eb0459a9578744da4,true,
74,zkehr-cross-access,2026-05-02T02:50:39.606Z,78.828,0.000,146.093,0.002,1.128,227.715,0.006,203.360,0.000,0.006,4.965,0.001,0.002,0.003,0.001,0.012,209.406,437.123,0xef1871e50561d0b217f79d80b90f43f0d3bfeb41e56831fff1e2e3290f5861d2,did:zkehr:zklogin:0xef1871e50561d0b217f79d80b90f43f0d3bfeb41e56831fff1e2e3290f5861d2,did:zkehr:hospital:hospital_B,G5JSQejnzxgE99SUHfGCJST9WZfGjcienUYBbtog1Saj,0x35f747adb11d6432795a9ae57679046097974647f7150a776dfee67537a2f1ee,true,
75,zkehr-cross-access,2026-05-02T02:50:40.044Z,95.008,0.000,218.851,0.003,1.207,316.580,0.006,248.585,0.000,0.007,5.360,0.001,0.002,0.004,0.001,0.016,255.096,571.677,0xef1871e50561d0b217f79d80b90f43f0d3bfeb41e56831fff1e2e3290f5861d2,did:zkehr:zklogin:0xef1871e50561d0b217f79d80b90f43f0d3bfeb41e56831fff1e2e3290f5861d2,did:zkehr:hospital:hospital_B,2rsDAE2fRgwuPWYcMDi3LmoAYb5nY55cLsS4FVTV6Uif,0x9f77dd2f58f9e835e06e2231df3be7434e7cfcbe5b8440af1836d6b13a1000a9,true,
76,zkehr-cross-access,2026-05-02T02:50:40.615Z,88.603,0.000,175.826,0.003,1.220,267.581,0.007,120.347,0.000,0.006,5.124,0.001,0.001,0.004,0.001,0.039,126.586,394.168,0xef1871e50561d0b217f79d80b90f43f0d3bfeb41e56831fff1e2e3290f5861d2,did:zkehr:zklogin:0xef1871e50561d0b217f79d80b90f43f0d3bfeb41e56831fff1e2e3290f5861d2,did:zkehr:hospital:hospital_B,A9JpA3SPj63dcXRP9toRHi3s6SgPtDxYY9NTdGGkH2dt,0x3efb39da10991fa2b6d0502bfe625d7593236354e4b34e91af7e4df459037465,true,
77,zkehr-cross-access,2026-05-02T02:50:41.010Z,85.132,0.000,152.376,0.003,1.214,240.261,0.006,173.507,0.000,0.006,4.870,0.001,0.002,0.003,0.001,0.013,179.425,419.688,0xef1871e50561d0b217f79d80b90f43f0d3bfeb41e56831fff1e2e3290f5861d2,did:zkehr:zklogin:0xef1871e50561d0b217f79d80b90f43f0d3bfeb41e56831fff1e2e3290f5861d2,did:zkehr:hospital:hospital_B,2sCWMTF7cFjzyxtJND9KM6ThWrUEwBoERu1NNW5XRqAZ,0x2e53a373fda05fae9b773cc5bf136f90deaeb6695442be3ce9a622336239e5ea,true,
78,zkehr-cross-access,2026-05-02T02:50:41.429Z,160.798,0.000,126.839,0.002,1.223,290.427,0.006,173.264,0.000,0.006,5.024,0.001,0.001,0.003,0.001,0.012,179.333,469.761,0xef1871e50561d0b217f79d80b90f43f0d3bfeb41e56831fff1e2e3290f5861d2,did:zkehr:zklogin:0xef1871e50561d0b217f79d80b90f43f0d3bfeb41e56831fff1e2e3290f5861d2,did:zkehr:hospital:hospital_B,4NEMaWMakhFny1Wzabstd1AACGxh6GnkKgt2Q3AeyPKV,0x59bb53615ce6ac47c670a746863acf4c9515e80a74ea46e85db38d197712fe7b,true,
79,zkehr-cross-access,2026-05-02T02:50:41.899Z,80.786,0.000,184.041,0.003,1.173,267.532,0.006,117.380,0.000,0.006,5.479,0.001,0.002,0.005,0.002,0.021,124.028,391.561,0xef1871e50561d0b217f79d80b90f43f0d3bfeb41e56831fff1e2e3290f5861d2,did:zkehr:zklogin:0xef1871e50561d0b217f79d80b90f43f0d3bfeb41e56831fff1e2e3290f5861d2,did:zkehr:hospital:hospital_B,GRWgMmXM9jU76ajckx1MC6qHJpgXf9WHTsZ8czEEJUWf,0x8fba79b871c8c7c023607618ad82f4b3ae06056c89ef07ffed66ecfaea4e7e4b,true,
80,zkehr-cross-access,2026-05-02T02:50:42.291Z,78.830,0.000,184.911,0.003,1.260,266.542,0.007,225.615,0.000,0.006,5.024,0.001,0.001,0.004,0.002,0.015,231.855,498.398,0xef1871e50561d0b217f79d80b90f43f0d3bfeb41e56831fff1e2e3290f5861d2,did:zkehr:zklogin:0xef1871e50561d0b217f79d80b90f43f0d3bfeb41e56831fff1e2e3290f5861d2,did:zkehr:hospital:hospital_B,BxXxLpTfrjwTCAzFVqRUeC4Tm1WkSvmrv44HP6BM3z6i,0xa95680a0d1e77573af96373407bd0bc20fde66f77efa6440398888f6126a3a5d,true,
81,zkehr-cross-access,2026-05-02T02:50:42.789Z,96.264,0.000,234.518,0.004,1.339,333.680,0.007,223.888,0.000,0.006,4.326,0.001,0.002,0.004,0.001,0.015,229.416,563.098,0xef1871e50561d0b217f79d80b90f43f0d3bfeb41e56831fff1e2e3290f5861d2,did:zkehr:zklogin:0xef1871e50561d0b217f79d80b90f43f0d3bfeb41e56831fff1e2e3290f5861d2,did:zkehr:hospital:hospital_B,C1rLCFj2NgvUEvnKpJPB6XqNHir6cNwrPyfCb9s1FBzX,0xf421abd3de3ca6b8380b2d99bd878df74c83241cc02df8561b62ff19198a1820,true,
82,zkehr-cross-access,2026-05-02T02:50:43.352Z,75.197,0.000,225.078,0.004,1.254,303.476,0.007,116.889,0.000,0.006,5.345,0.001,0.003,0.004,0.001,0.011,123.340,426.817,0xef1871e50561d0b217f79d80b90f43f0d3bfeb41e56831fff1e2e3290f5861d2,did:zkehr:zklogin:0xef1871e50561d0b217f79d80b90f43f0d3bfeb41e56831fff1e2e3290f5861d2,did:zkehr:hospital:hospital_B,HmmuioGygvfwQxtosrwsmkhD7uRf878Qm8jUT3yz6cx2,0x27841dd2d65ed864aa93a84c83c697c458eeff3c5fbcc213b55e9ea36d768170,true,
83,zkehr-cross-access,2026-05-02T02:50:43.779Z,77.692,0.000,212.623,0.003,1.037,292.903,0.006,122.149,0.000,0.006,4.763,0.001,0.001,0.004,0.001,0.013,127.868,420.773,0xef1871e50561d0b217f79d80b90f43f0d3bfeb41e56831fff1e2e3290f5861d2,did:zkehr:zklogin:0xef1871e50561d0b217f79d80b90f43f0d3bfeb41e56831fff1e2e3290f5861d2,did:zkehr:hospital:hospital_B,FC6tVcVKh5RMHipX86in1vt1CKDvkRixM1Sx78MiwZW4,0x9086a948e53a9bc56caf4ff9028a27bf81e452b0d5bfa47d3889a6b785d159a2,true,
84,zkehr-cross-access,2026-05-02T02:50:44.200Z,88.732,0.000,200.823,0.002,1.078,292.133,0.006,117.684,0.000,0.005,4.667,0.001,0.002,0.004,0.001,0.012,123.370,415.505,0xef1871e50561d0b217f79d80b90f43f0d3bfeb41e56831fff1e2e3290f5861d2,did:zkehr:zklogin:0xef1871e50561d0b217f79d80b90f43f0d3bfeb41e56831fff1e2e3290f5861d2,did:zkehr:hospital:hospital_B,8ob1Qy95dE6ybXe5Ev6FC47RHUAB66R2pDEMWpkQe3FC,0xe0f0c1c4c27e2f61034c4de71b420cbec628b65f521e388cc97af57ceca5f126,true,
85,zkehr-cross-access,2026-05-02T02:50:44.616Z,91.071,0.000,200.573,0.003,2.662,296.593,0.009,118.334,0.000,0.006,5.042,0.001,0.003,0.005,0.002,0.018,124.776,421.371,0xef1871e50561d0b217f79d80b90f43f0d3bfeb41e56831fff1e2e3290f5861d2,did:zkehr:zklogin:0xef1871e50561d0b217f79d80b90f43f0d3bfeb41e56831fff1e2e3290f5861d2,did:zkehr:hospital:hospital_B,8zCGr2YJv3cN9t9yrfHSojatNGA6NCSUd7Pxg3Wu4tLV,0x351e5314b45d71aff97f49060a54b0ce8e77fc6ea55758226d1b6d120f326318,true,
86,zkehr-cross-access,2026-05-02T02:50:45.037Z,92.544,0.000,146.016,0.003,1.127,241.217,0.006,172.913,0.000,0.006,5.143,0.001,0.001,0.004,0.001,0.013,179.041,420.260,0xef1871e50561d0b217f79d80b90f43f0d3bfeb41e56831fff1e2e3290f5861d2,did:zkehr:zklogin:0xef1871e50561d0b217f79d80b90f43f0d3bfeb41e56831fff1e2e3290f5861d2,did:zkehr:hospital:hospital_B,DPr3RducDxy9BDRKcn1NRgFh4spv3YpQLDKK7S2wc2wd,0xf07cb212555dcee878df24e7523abb5af8183d1bde46abba3cb6444c4d6fc8a3,true,
87,zkehr-cross-access,2026-05-02T02:50:45.457Z,92.565,0.000,194.508,0.003,1.048,289.656,0.006,118.621,0.000,0.006,4.940,0.001,0.001,0.004,0.001,0.010,124.503,414.160,0xef1871e50561d0b217f79d80b90f43f0d3bfeb41e56831fff1e2e3290f5861d2,did:zkehr:zklogin:0xef1871e50561d0b217f79d80b90f43f0d3bfeb41e56831fff1e2e3290f5861d2,did:zkehr:hospital:hospital_B,9bz4eMq9HE81gvaWcRSsRcqQCQ8A1tYYU76DkiLaWTWb,0x1b04dc89b74f0e475a82b8494254ba678d3a3fc384d316ffb7587e4968a68881,true,
88,zkehr-cross-access,2026-05-02T02:50:45.872Z,97.201,0.000,141.310,0.003,1.075,241.122,0.006,179.898,0.000,0.007,5.301,0.001,0.001,0.004,0.001,0.014,186.156,427.280,0xef1871e50561d0b217f79d80b90f43f0d3bfeb41e56831fff1e2e3290f5861d2,did:zkehr:zklogin:0xef1871e50561d0b217f79d80b90f43f0d3bfeb41e56831fff1e2e3290f5861d2,did:zkehr:hospital:hospital_B,6ecLL5YgRNmwVCvmdXCq8da2F1qGoEJJxZxdW7m4BGSM,0xca49c04fffe7e0a705eae2f3d8a842145eb57f90759eb3caf8e48e3948a3676e,true,
89,zkehr-cross-access,2026-05-02T02:50:46.299Z,75.447,0.000,207.982,0.002,1.026,285.988,0.006,117.686,0.000,0.006,4.729,0.000,0.001,0.004,0.001,0.012,123.354,409.342,0xef1871e50561d0b217f79d80b90f43f0d3bfeb41e56831fff1e2e3290f5861d2,did:zkehr:zklogin:0xef1871e50561d0b217f79d80b90f43f0d3bfeb41e56831fff1e2e3290f5861d2,did:zkehr:hospital:hospital_B,DZ9bXJ7rk2XowxR52KXLJtuovCEXx6DBcRxbySc1Ny1e,0xe5c0667cbe86632976fd5c18ee2da3ee3daac393fb4d2494057cdd86e42a42f3,true,
90,zkehr-cross-access,2026-05-02T02:50:46.708Z,156.135,0.000,190.047,0.002,2.749,350.468,0.007,231.348,0.000,0.006,4.975,0.001,0.002,0.004,0.001,0.018,237.593,588.063,0xef1871e50561d0b217f79d80b90f43f0d3bfeb41e56831fff1e2e3290f5861d2,did:zkehr:zklogin:0xef1871e50561d0b217f79d80b90f43f0d3bfeb41e56831fff1e2e3290f5861d2,did:zkehr:hospital:hospital_B,81mRTxnUVeu3n6mL2dzZBCdE5bK2B8LfAEADkWaqLscZ,0xada8f815bf967c21b8793a9685a8da225a40a53dbf071bfca201ce1c00efebb1,true,
91,zkehr-cross-access,2026-05-02T02:50:47.297Z,79.495,0.000,166.970,0.003,1.057,249.095,0.006,211.228,0.000,0.006,4.428,0.001,0.002,0.004,0.001,0.013,216.770,465.866,0xef1871e50561d0b217f79d80b90f43f0d3bfeb41e56831fff1e2e3290f5861d2,did:zkehr:zklogin:0xef1871e50561d0b217f79d80b90f43f0d3bfeb41e56831fff1e2e3290f5861d2,did:zkehr:hospital:hospital_B,8CZcKf6zZjB16nC5WCT47gEfiKDjHLSTgNdVp2AA5rHD,0x311e9613a1101f1d52a6678a137bd34aaad07ea0d0a343fb8af1c964993dd411,true,
92,zkehr-cross-access,2026-05-02T02:50:47.763Z,117.707,0.000,231.053,0.002,1.010,351.339,0.006,250.086,0.000,0.006,4.951,0.001,0.001,0.004,0.001,0.016,256.074,607.414,0xef1871e50561d0b217f79d80b90f43f0d3bfeb41e56831fff1e2e3290f5861d2,did:zkehr:zklogin:0xef1871e50561d0b217f79d80b90f43f0d3bfeb41e56831fff1e2e3290f5861d2,did:zkehr:hospital:hospital_B,4CVpmJh74arQGiRm5Z5XbkzBH9jW9ezATgnLeW2qCYHe,0x93f573158e533d4dc1c182e646e06db33b5a1e0c480ed36d272211dffb3360eb,true,
93,zkehr-cross-access,2026-05-02T02:50:48.370Z,93.852,0.000,215.458,0.003,1.102,311.986,0.007,115.983,0.000,0.006,4.856,0.001,0.001,0.004,0.001,0.011,121.796,433.783,0xef1871e50561d0b217f79d80b90f43f0d3bfeb41e56831fff1e2e3290f5861d2,did:zkehr:zklogin:0xef1871e50561d0b217f79d80b90f43f0d3bfeb41e56831fff1e2e3290f5861d2,did:zkehr:hospital:hospital_B,3zG9VzRGzXMBqNT8NAw8EswENK3hM5h567Ze5b9zQU6u,0x1a0a72889bb388f06b02ee05d3e19578ebfc09836b3b4bdf41a82be72615005b,true,
94,zkehr-cross-access,2026-05-02T02:50:48.804Z,104.605,0.000,291.063,0.003,1.335,398.553,0.006,63.380,0.000,0.006,4.454,0.001,0.001,0.004,0.001,0.011,68.787,467.341,0xef1871e50561d0b217f79d80b90f43f0d3bfeb41e56831fff1e2e3290f5861d2,did:zkehr:zklogin:0xef1871e50561d0b217f79d80b90f43f0d3bfeb41e56831fff1e2e3290f5861d2,did:zkehr:hospital:hospital_B,Bbh3ZD1VWtc7NyKrt4d6MrLVpK8YYABwZsz224KHbJTz,0x41b02796426849c7d3e2e0e0838e9588c97a76ccdf3dc0c30777cc8d274b4505,true,
95,zkehr-cross-access,2026-05-02T02:50:49.271Z,85.049,0.000,232.245,0.003,1.113,319.969,0.006,227.409,0.000,0.006,4.972,0.001,0.002,0.004,0.001,0.015,233.409,553.379,0xef1871e50561d0b217f79d80b90f43f0d3bfeb41e56831fff1e2e3290f5861d2,did:zkehr:zklogin:0xef1871e50561d0b217f79d80b90f43f0d3bfeb41e56831fff1e2e3290f5861d2,did:zkehr:hospital:hospital_B,EDiX4VHAoytceKaTS7U6Ph8yJQDcMTa7hsGeE6MqgC8R,0x566c59b14f5a44e6fb243893876482689deb4821d5d544f148883d547407a61a,true,
96,zkehr-cross-access,2026-05-02T02:50:49.825Z,96.195,0.000,225.114,0.002,1.144,324.011,0.006,120.128,0.000,0.006,4.977,0.001,0.001,0.004,0.001,0.011,126.128,450.140,0xef1871e50561d0b217f79d80b90f43f0d3bfeb41e56831fff1e2e3290f5861d2,did:zkehr:zklogin:0xef1871e50561d0b217f79d80b90f43f0d3bfeb41e56831fff1e2e3290f5861d2,did:zkehr:hospital:hospital_B,5wNQhvjAwp5T7SJiJPep55bctqcox254zbkYj9Ym9bU,0x81f3c0a079c6b874fd3ebf26d5a268764dce9f66e12a198aa1433f9d6c2ffffa,true,
97,zkehr-cross-access,2026-05-02T02:50:50.275Z,84.304,0.000,154.028,0.003,1.183,241.031,0.006,175.234,0.000,0.006,5.084,0.001,0.001,0.004,0.001,0.015,181.390,422.422,0xef1871e50561d0b217f79d80b90f43f0d3bfeb41e56831fff1e2e3290f5861d2,did:zkehr:zklogin:0xef1871e50561d0b217f79d80b90f43f0d3bfeb41e56831fff1e2e3290f5861d2,did:zkehr:hospital:hospital_B,3ZhTuWfj1hKi5bh1KH24sBMf3Z4B4JbXRutUwPftYwXx,0x13d9ed1b4d94ed539aad681af0906067e8d0d7cca829d463cc3c2e7fa7f46e72,true,
98,zkehr-cross-access,2026-05-02T02:50:50.697Z,86.956,0.000,252.185,0.003,1.200,341.872,0.008,62.068,0.000,0.006,4.804,0.001,0.001,0.005,0.001,0.011,67.906,409.780,0xef1871e50561d0b217f79d80b90f43f0d3bfeb41e56831fff1e2e3290f5861d2,did:zkehr:zklogin:0xef1871e50561d0b217f79d80b90f43f0d3bfeb41e56831fff1e2e3290f5861d2,did:zkehr:hospital:hospital_B,B9QveTNopF48BcvsK1isxjSQ4gYG1mLn8CvpaEWTEiPA,0xb0234126f980dd051fba51c4ae90119af35d55db66f9bd7529b78e2a08122344,true,
99,zkehr-cross-access,2026-05-02T02:50:51.107Z,78.985,0.000,246.230,0.003,1.141,327.872,0.006,61.858,0.000,0.006,5.429,0.001,0.001,0.004,0.001,0.010,68.281,396.154,0xef1871e50561d0b217f79d80b90f43f0d3bfeb41e56831fff1e2e3290f5861d2,did:zkehr:zklogin:0xef1871e50561d0b217f79d80b90f43f0d3bfeb41e56831fff1e2e3290f5861d2,did:zkehr:hospital:hospital_B,Hf4hVf64K3GpMTkms3CWn1JnVKGGByEjNSodmY9eZZTS,0xb8f32e2c9e1880af6afae84ad250776a6b5dd7a66ef76cf4dbba21f6eddbe1da,true,
100,zkehr-cross-access,2026-05-02T02:50:51.503Z,82.503,0.000,186.499,0.013,1.347,271.866,0.006,172.880,0.001,0.009,4.652,0.001,0.002,0.004,0.001,0.012,178.603,450.471,0xef1871e50561d0b217f79d80b90f43f0d3bfeb41e56831fff1e2e3290f5861d2,did:zkehr:zklogin:0xef1871e50561d0b217f79d80b90f43f0d3bfeb41e56831fff1e2e3290f5861d2,did:zkehr:hospital:hospital_B,CprfEGiqhJYmeuStVca587UuqrK1sYkLWDySCCoZKbvb,0x981e9f8bb4dc801fb6c58c9293cb5f52e0c32a3ed399be128743a2d26af79c6f,true,
