tag,concurrency,worker_id,req_seq,ts_ms,latency_ms,status,success,body_bytes,err_kind
prover_smoke,1,0,0,1776919173130,47.345,200,1,909,
prover_smoke,1,0,1,1776919173166,35.231,200,1,909,
prover_smoke,1,0,2,1776919173202,36.646,200,1,909,
prover_smoke,1,0,3,1776919173236,33.824,200,1,909,
prover_smoke,1,0,4,1776919173273,36.605,200,1,909,
prover_smoke,1,0,5,1776919173307,33.88,200,1,909,
prover_smoke,1,0,6,1776919173342,35.683,200,1,909,
prover_smoke,1,0,7,1776919173376,33.916,200,1,909,
prover_smoke,1,0,8,1776919173413,36.259,200,1,909,
prover_smoke,1,0,9,1776919173446,33.457,200,1,909,
prover_smoke,1,0,10,1776919173483,36.581,200,1,909,
prover_smoke,1,0,11,1776919173515,32.807,200,1,909,
prover_smoke,1,0,12,1776919173550,34.051,200,1,909,
prover_smoke,1,0,13,1776919173584,34.913,200,1,909,
prover_smoke,1,0,14,1776919173621,37.013,200,1,909,
prover_smoke,1,0,15,1776919173655,33.087,200,1,909,
prover_smoke,1,0,16,1776919173689,34.873,200,1,909,
prover_smoke,1,0,17,1776919173723,33.962,200,1,909,
prover_smoke,1,0,18,1776919173760,36.693,200,1,909,
prover_smoke,1,0,19,1776919173791,31.291,200,1,909,
prover_smoke,1,0,20,1776919173825,34.047,200,1,909,
prover_smoke,1,0,21,1776919173859,33.945,200,1,909,
prover_smoke,1,0,22,1776919173894,34.597,200,1,909,
prover_smoke,1,0,23,1776919173927,32.59,200,1,909,
prover_smoke,1,0,24,1776919173962,35.628,200,1,909,
prover_smoke,1,0,25,1776919173994,31.828,200,1,909,
prover_smoke,1,0,26,1776919174029,35.371,200,1,909,
prover_smoke,1,0,27,1776919174062,32.045,200,1,909,
prover_smoke,1,0,28,1776919174098,36.152,200,1,909,
prover_smoke,1,0,29,1776919174132,34.154,200,1,909,
prover_smoke,1,0,30,1776919174168,35.868,200,1,909,
prover_smoke,1,0,31,1776919174202,34.201,200,1,909,
prover_smoke,1,0,32,1776919174235,33.18,200,1,909,
prover_smoke,1,0,33,1776919174267,31.887,200,1,909,
prover_smoke,1,0,34,1776919174301,34.4,200,1,909,
prover_smoke,1,0,35,1776919174333,31.571,200,1,909,
prover_smoke,1,0,36,1776919174369,36.024,200,1,909,
prover_smoke,1,0,37,1776919174404,34.841,200,1,909,
prover_smoke,1,0,38,1776919174439,34.916,200,1,909,
prover_smoke,1,0,39,1776919174473,34.667,200,1,909,
prover_smoke,1,0,40,1776919174508,34.666,200,1,909,
prover_smoke,1,0,41,1776919174540,32.26,200,1,909,
prover_smoke,1,0,42,1776919174575,34.697,200,1,909,
prover_smoke,1,0,43,1776919174607,32.076,200,1,909,
prover_smoke,1,0,44,1776919174643,35.476,200,1,909,
prover_smoke,1,0,45,1776919174674,31.657,200,1,909,
prover_smoke,1,0,46,1776919174708,34.014,200,1,909,
prover_smoke,1,0,47,1776919174740,31.614,200,1,909,
prover_smoke,1,0,48,1776919174773,33.249,200,1,909,
prover_smoke,1,0,49,1776919174806,33.064,200,1,909,
prover_smoke,1,0,50,1776919174842,36.231,200,1,909,
prover_smoke,1,0,51,1776919174877,34.437,200,1,909,
prover_smoke,1,0,52,1776919174912,34.715,200,1,909,
prover_smoke,1,0,53,1776919174943,31.624,200,1,909,
prover_smoke,1,0,54,1776919174977,33.691,200,1,909,
prover_smoke,1,0,55,1776919175009,31.735,200,1,909,
prover_smoke,1,0,56,1776919175041,32.693,200,1,909,
prover_smoke,1,0,57,1776919175074,32.343,200,1,909,
prover_smoke,1,0,58,1776919175108,33.799,200,1,909,
prover_smoke,1,0,59,1776919175140,32.597,200,1,909,
prover_smoke,1,0,60,1776919175174,33.98,200,1,909,
prover_smoke,1,0,61,1776919175207,32.743,200,1,909,
prover_smoke,1,0,62,1776919175241,34.222,200,1,909,
prover_smoke,1,0,63,1776919175275,33.608,200,1,909,
prover_smoke,1,0,64,1776919175309,34.141,200,1,909,
prover_smoke,1,0,65,1776919175341,32.366,200,1,909,
prover_smoke,1,0,66,1776919175377,35.678,200,1,909,
prover_smoke,1,0,67,1776919175409,32.245,200,1,909,
prover_smoke,1,0,68,1776919175445,35.488,200,1,909,
prover_smoke,1,0,69,1776919175478,33.003,200,1,909,
prover_smoke,1,0,70,1776919175510,32.494,200,1,909,
prover_smoke,1,0,71,1776919175541,30.705,200,1,909,
prover_smoke,1,0,72,1776919175576,35.02,200,1,909,
prover_smoke,1,0,73,1776919175609,33.052,200,1,909,
prover_smoke,1,0,74,1776919175643,33.941,200,1,909,
prover_smoke,1,0,75,1776919175675,31.842,200,1,909,
prover_smoke,1,0,76,1776919175709,34.352,200,1,909,
prover_smoke,1,0,77,1776919175742,32.875,200,1,909,
prover_smoke,1,0,78,1776919175776,34.029,200,1,909,
prover_smoke,1,0,79,1776919175807,31.035,200,1,909,
prover_smoke,1,0,80,1776919175841,33.422,200,1,909,
prover_smoke,1,0,81,1776919175874,33.691,200,1,909,
prover_smoke,1,0,82,1776919175910,36.103,200,1,909,
prover_smoke,1,0,83,1776919175943,32.752,200,1,909,
prover_smoke,1,0,84,1776919175977,33.935,200,1,909,
prover_smoke,1,0,85,1776919176009,32.349,200,1,909,
prover_smoke,1,0,86,1776919176045,35.397,200,1,909,
prover_smoke,1,0,87,1776919176078,33.558,200,1,909,
prover_smoke,1,0,88,1776919176113,34.815,200,1,909,
prover_smoke,1,0,89,1776919176144,30.66,200,1,909,
prover_smoke,1,0,90,1776919176178,34.505,200,1,909,
prover_smoke,1,0,91,1776919176211,33.118,200,1,909,
prover_smoke,1,0,92,1776919176245,33.891,200,1,909,
prover_smoke,1,0,93,1776919176277,31.663,200,1,909,
prover_smoke,1,0,94,1776919176310,33.388,200,1,909,
prover_smoke,1,0,95,1776919176343,32.735,200,1,909,
prover_smoke,1,0,96,1776919176377,33.85,200,1,909,
prover_smoke,1,0,97,1776919176409,32.125,200,1,909,
prover_smoke,1,0,98,1776919176443,33.98,200,1,909,
prover_smoke,1,0,99,1776919176473,30.276,200,1,909,
prover_smoke,1,0,100,1776919176508,34.134,200,1,909,
prover_smoke,1,0,101,1776919176541,33.455,200,1,909,
prover_smoke,1,0,102,1776919176573,32.273,200,1,909,
prover_smoke,1,0,103,1776919176605,31.467,200,1,909,
prover_smoke,1,0,104,1776919176638,33.724,200,1,909,
prover_smoke,1,0,105,1776919176669,30.862,200,1,909,
prover_smoke,1,0,106,1776919176704,34.738,200,1,909,
prover_smoke,1,0,107,1776919176738,33.441,200,1,909,
prover_smoke,1,0,108,1776919176771,33.766,200,1,909,
prover_smoke,1,0,109,1776919176803,31.624,200,1,909,
prover_smoke,1,0,110,1776919176836,32.694,200,1,909,
prover_smoke,1,0,111,1776919176868,31.881,200,1,909,
prover_smoke,1,0,112,1776919176901,33.512,200,1,909,
prover_smoke,1,0,113,1776919176933,32.38,200,1,909,
prover_smoke,1,0,114,1776919176968,34.079,200,1,909,
prover_smoke,1,0,115,1776919176998,30.398,200,1,909,
prover_smoke,1,0,116,1776919177033,34.794,200,1,909,
prover_smoke,1,0,117,1776919177066,32.827,200,1,909,
prover_smoke,1,0,118,1776919177100,34.262,200,1,909,
prover_smoke,1,0,119,1776919177133,33.59,200,1,909,
prover_smoke,1,0,120,1776919177167,34.077,200,1,909,
prover_smoke,1,0,121,1776919177199,31.945,200,1,909,
prover_smoke,1,0,122,1776919177231,31.767,200,1,909,
prover_smoke,1,0,123,1776919177262,30.897,200,1,909,
prover_smoke,1,0,124,1776919177296,34.292,200,1,909,
prover_smoke,1,0,125,1776919177327,30.739,200,1,909,
prover_smoke,1,0,126,1776919177362,34.383,200,1,909,
prover_smoke,1,0,127,1776919177395,33.523,200,1,909,
prover_smoke,1,0,128,1776919177428,33.416,200,1,909,
prover_smoke,1,0,129,1776919177460,31.705,200,1,909,
prover_smoke,1,0,130,1776919177495,34.596,200,1,909,
prover_smoke,1,0,131,1776919177528,32.741,200,1,909,
prover_smoke,1,0,132,1776919177559,31.645,200,1,909,
prover_smoke,1,0,133,1776919177592,33.116,200,1,909,
prover_smoke,1,0,134,1776919177627,34.939,200,1,909,
prover_smoke,1,0,135,1776919177659,32.236,200,1,909,
prover_smoke,1,0,136,1776919177693,33.771,200,1,909,
prover_smoke,1,0,137,1776919177726,32.814,200,1,909,
prover_smoke,1,0,138,1776919177760,33.483,200,1,909,
prover_smoke,1,0,139,1776919177792,32.414,200,1,909,
prover_smoke,1,0,140,1776919177827,34.617,200,1,909,
prover_smoke,1,0,141,1776919177860,33.319,200,1,909,
prover_smoke,1,0,142,1776919177893,33.155,200,1,909,
prover_smoke,1,0,143,1776919177924,31.167,200,1,909,
prover_smoke,1,0,144,1776919177956,31.916,200,1,909,
prover_smoke,1,0,145,1776919177989,33.004,200,1,909,
prover_smoke,1,0,146,1776919178023,33.357,200,1,909,
prover_smoke,1,0,147,1776919178056,33.887,200,1,909,
prover_smoke,1,0,148,1776919178091,34.078,200,1,909,
prover_smoke,1,0,149,1776919178122,31.549,200,1,909,
prover_smoke,1,0,150,1776919178155,32.513,200,1,909,
prover_smoke,1,0,151,1776919178186,31.481,200,1,909,
prover_smoke,1,0,152,1776919178221,34.737,200,1,909,
prover_smoke,1,0,153,1776919178253,31.89,200,1,909,
prover_smoke,1,0,154,1776919178288,35.168,200,1,909,
prover_smoke,1,0,155,1776919178321,32.976,200,1,909,
prover_smoke,1,0,156,1776919178355,34.565,200,1,909,
prover_smoke,1,0,157,1776919178388,32.119,200,1,909,
prover_smoke,1,0,158,1776919178422,34.418,200,1,909,
prover_smoke,1,0,159,1776919178454,31.659,200,1,909,
prover_smoke,1,0,160,1776919178486,32.034,200,1,909,
prover_smoke,1,0,161,1776919178518,31.895,200,1,909,
prover_smoke,1,0,162,1776919178552,34.117,200,1,909,
prover_smoke,1,0,163,1776919178583,31.483,200,1,909,
prover_smoke,1,0,164,1776919178617,34.061,200,1,909,
prover_smoke,1,0,165,1776919178648,31.213,200,1,909,
prover_smoke,1,0,166,1776919178682,33.542,200,1,909,
prover_smoke,1,0,167,1776919178715,33.222,200,1,909,
prover_smoke,1,0,168,1776919178748,32.836,200,1,909,
prover_smoke,1,0,169,1776919178781,32.85,200,1,909,
prover_smoke,1,0,170,1776919178813,31.796,200,1,909,
prover_smoke,1,0,171,1776919178844,31.475,200,1,909,
prover_smoke,1,0,172,1776919178879,35.198,200,1,909,
prover_smoke,1,0,173,1776919178913,33.88,200,1,909,
prover_smoke,1,0,174,1776919178947,33.926,200,1,909,
prover_smoke,1,0,175,1776919178980,33.045,200,1,909,
prover_smoke,1,0,176,1776919179015,35.152,200,1,909,
prover_smoke,1,0,177,1776919179048,32.199,200,1,909,
prover_smoke,1,0,178,1776919179082,34.544,200,1,909,
prover_smoke,1,0,179,1776919179115,32.53,200,1,909,
prover_smoke,1,0,180,1776919179148,33.223,200,1,909,
prover_smoke,1,0,181,1776919179180,32.159,200,1,909,
prover_smoke,1,0,182,1776919179214,33.396,200,1,909,
prover_smoke,1,0,183,1776919179245,31.244,200,1,909,
prover_smoke,1,0,184,1776919179278,33.287,200,1,909,
prover_smoke,1,0,185,1776919179310,32.288,200,1,909,
prover_smoke,1,0,186,1776919179345,34.395,200,1,909,
prover_smoke,1,0,187,1776919179378,32.759,200,1,909,
prover_smoke,1,0,188,1776919179412,33.962,200,1,909,
prover_smoke,1,0,189,1776919179445,33.433,200,1,909,
prover_smoke,1,0,190,1776919179479,34.082,200,1,909,
prover_smoke,1,0,191,1776919179512,32.852,200,1,909,
prover_smoke,1,0,192,1776919179546,34.202,200,1,909,
prover_smoke,1,0,193,1776919179577,31.172,200,1,909,
prover_smoke,1,0,194,1776919179611,33.876,200,1,909,
prover_smoke,1,0,195,1776919179643,31.625,200,1,909,
prover_smoke,1,0,196,1776919179678,35.468,200,1,909,
prover_smoke,1,0,197,1776919179709,30.295,200,1,909,
prover_smoke,1,0,198,1776919179743,34.885,200,1,909,
prover_smoke,1,0,199,1776919179775,31.488,200,1,909,
prover_smoke,1,0,200,1776919179809,34.213,200,1,909,
prover_smoke,1,0,201,1776919179841,31.62,200,1,909,
prover_smoke,1,0,202,1776919179876,35.143,200,1,909,
prover_smoke,1,0,203,1776919179909,33.521,200,1,909,
prover_smoke,1,0,204,1776919179944,34.143,200,1,909,
prover_smoke,1,0,205,1776919179976,32.52,200,1,909,
prover_smoke,1,0,206,1776919180010,33.517,200,1,909,
prover_smoke,1,0,207,1776919180043,32.982,200,1,909,
prover_smoke,1,0,208,1776919180078,35.073,200,1,909,
prover_smoke,1,0,209,1776919180109,31.522,200,1,909,
prover_smoke,1,0,210,1776919180143,34.167,200,1,909,
prover_smoke,1,0,211,1776919180174,30.838,200,1,909,
prover_smoke,1,0,212,1776919180208,33.57,200,1,909,
prover_smoke,1,0,213,1776919180241,33.392,200,1,909,
prover_smoke,1,0,214,1776919180274,32.811,200,1,909,
prover_smoke,1,0,215,1776919180305,31.065,200,1,909,
prover_smoke,1,0,216,1776919180338,33.213,200,1,909,
prover_smoke,1,0,217,1776919180372,33.329,200,1,909,
prover_smoke,1,0,218,1776919180408,36.551,200,1,909,
prover_smoke,1,0,219,1776919180442,33.608,200,1,909,
prover_smoke,1,0,220,1776919180477,35.249,200,1,909,
prover_smoke,1,0,221,1776919180510,33.31,200,1,909,
prover_smoke,1,0,222,1776919180545,34.927,200,1,909,
prover_smoke,1,0,223,1776919180578,32.8,200,1,909,
prover_smoke,1,0,224,1776919180612,34.167,200,1,909,
prover_smoke,1,0,225,1776919180644,31.928,200,1,909,
prover_smoke,1,0,226,1776919180679,34.993,200,1,909,
prover_smoke,1,0,227,1776919180713,33.81,200,1,909,
prover_smoke,1,0,228,1776919180747,34.039,200,1,909,
prover_smoke,1,0,229,1776919180779,32.288,200,1,909,
prover_smoke,1,0,230,1776919180815,35.168,200,1,909,
prover_smoke,1,0,231,1776919180846,30.966,200,1,909,
prover_smoke,1,0,232,1776919180880,34.641,200,1,909,
prover_smoke,1,0,233,1776919180913,33.193,200,1,909,
prover_smoke,1,0,234,1776919180946,32.579,200,1,909,
prover_smoke,1,0,235,1776919180980,33.891,200,1,909,
prover_smoke,1,0,236,1776919181015,35.331,200,1,909,
prover_smoke,1,0,237,1776919181047,31.918,200,1,909,
prover_smoke,1,0,238,1776919181081,33.579,200,1,909,
prover_smoke,1,0,239,1776919181114,33.322,200,1,909,
prover_smoke,1,0,240,1776919181147,32.893,200,1,909,
prover_smoke,1,0,241,1776919181179,32.159,200,1,909,
prover_smoke,1,0,242,1776919181212,33.11,200,1,909,
prover_smoke,1,0,243,1776919181244,31.876,200,1,909,
prover_smoke,1,0,244,1776919181279,35.338,200,1,909,
prover_smoke,1,0,245,1776919181312,32.46,200,1,909,
prover_smoke,1,0,246,1776919181347,35.613,200,1,909,
prover_smoke,1,0,247,1776919181381,33.816,200,1,909,
prover_smoke,1,0,248,1776919181416,34.931,200,1,909,
prover_smoke,1,0,249,1776919181449,32.5,200,1,909,
prover_smoke,1,0,250,1776919181484,34.952,200,1,909,
prover_smoke,1,0,251,1776919181516,32.056,200,1,909,
prover_smoke,1,0,252,1776919181547,31.704,200,1,909,
prover_smoke,1,0,253,1776919181579,31.326,200,1,909,
prover_smoke,1,0,254,1776919181613,34.134,200,1,909,
prover_smoke,1,0,255,1776919181645,31.934,200,1,909,
prover_smoke,1,0,256,1776919181679,34.089,200,1,909,
prover_smoke,1,0,257,1776919181711,32.366,200,1,909,
prover_smoke,1,0,258,1776919181745,33.528,200,1,909,
prover_smoke,1,0,259,1776919181777,31.822,200,1,909,
prover_smoke,1,0,260,1776919181810,33.415,200,1,909,
prover_smoke,1,0,261,1776919181843,32.631,200,1,909,
prover_smoke,1,0,262,1776919181877,33.731,200,1,909,
prover_smoke,1,0,263,1776919181910,33.866,200,1,909,
prover_smoke,1,0,264,1776919181942,31.202,200,1,909,
prover_smoke,1,0,265,1776919181975,33.321,200,1,909,
prover_smoke,1,0,266,1776919182009,34.407,200,1,909,
prover_smoke,1,0,267,1776919182041,31.605,200,1,909,
prover_smoke,1,0,268,1776919182074,33.465,200,1,909,
prover_smoke,1,0,269,1776919182106,31.59,200,1,909,
prover_smoke,1,0,270,1776919182139,32.902,200,1,909,
prover_smoke,1,0,271,1776919182171,31.689,200,1,909,
prover_smoke,1,0,272,1776919182205,34.645,200,1,909,
prover_smoke,1,0,273,1776919182237,31.455,200,1,909,
prover_smoke,1,0,274,1776919182271,34.042,200,1,909,
prover_smoke,1,0,275,1776919182302,30.802,200,1,909,
prover_smoke,1,0,276,1776919182333,31.356,200,1,909,
prover_smoke,1,0,277,1776919182366,33.117,200,1,909,
prover_smoke,1,0,278,1776919182399,33.366,200,1,909,
prover_smoke,1,0,279,1776919182433,33.172,200,1,909,
prover_smoke,1,0,280,1776919182468,34.987,200,1,909,
prover_smoke,1,0,281,1776919182501,33.19,200,1,909,
prover_smoke,1,0,282,1776919182537,35.976,200,1,909,
prover_smoke,1,0,283,1776919182568,30.968,200,1,909,
prover_smoke,1,0,284,1776919182601,33.431,200,1,909,
prover_smoke,1,0,285,1776919182633,31.732,200,1,909,
prover_smoke,1,0,286,1776919182667,34.134,200,1,909,
prover_smoke,1,0,287,1776919182698,31.458,200,1,909,
prover_smoke,1,0,288,1776919182733,34.766,200,1,909,
prover_smoke,1,0,289,1776919182765,31.758,200,1,909,
prover_smoke,1,0,290,1776919182799,34.268,200,1,909,
prover_smoke,1,0,291,1776919182832,32.708,200,1,909,
prover_smoke,1,0,292,1776919182866,34.017,200,1,909,
prover_smoke,1,0,293,1776919182899,32.955,200,1,909,
prover_smoke,1,0,294,1776919182933,34.38,200,1,909,
prover_smoke,1,0,295,1776919182967,33.713,200,1,909,
prover_smoke,1,0,296,1776919183003,35.783,200,1,909,
prover_smoke,1,0,297,1776919183036,32.612,200,1,909,
prover_smoke,1,0,298,1776919183069,33.706,200,1,909,
prover_smoke,1,0,299,1776919183102,32.888,200,1,909,
